"id","uri","sigla","nome","apelido","idTipoOrgao","tipoOrgao"
"4","https://dadosabertos.camara.leg.br/api/v2/orgaos/4","MESA","Mesa Diretora da Câmara dos Deputados","Mesa Diretora","1","Comissão Diretora"
"180","https://dadosabertos.camara.leg.br/api/v2/orgaos/180","PLEN","PLENÁRIO","PLEN","1","Comissão Diretora"
"2001","https://dadosabertos.camara.leg.br/api/v2/orgaos/2001","CAPADR","Comissão de Agricultura, Pecuária, Abastecimento e Desenvolvimento Rural","AGRICULTURA, PECUÁRIA, ABASTECIMENTO DESENV. RURAL","2","Comissão Permanente"
"2002","https://dadosabertos.camara.leg.br/api/v2/orgaos/2002","CCTCI","Comissão de Ciência e Tecnologia, Comunicação e Informática","CIÊNCIA E TECNOLOGIA, COMUNICAÇÃO E INFORMÁTICA","2","Comissão Permanente"
"2003","https://dadosabertos.camara.leg.br/api/v2/orgaos/2003","CCJC","Comissão de Constituição e Justiça e de Cidadania","CONSTITUIÇÃO E JUSTIÇA E DE CIDADANIA","2","Comissão Permanente"
"2004","https://dadosabertos.camara.leg.br/api/v2/orgaos/2004","CDC","Comissão de Defesa do Consumidor","DEFESA DO CONSUMIDOR","2","Comissão Permanente"
"2006","https://dadosabertos.camara.leg.br/api/v2/orgaos/2006","CDU","Comissão de Desenvolvimento Urbano","DESENVOLVIMENTO URBANO","2","Comissão Permanente"
"2007","https://dadosabertos.camara.leg.br/api/v2/orgaos/2007","CDHM","Comissão de Direitos Humanos e Minorias","DIREITOS HUMANOS E MINORIAS","2","Comissão Permanente"
"2008","https://dadosabertos.camara.leg.br/api/v2/orgaos/2008","CDEICS","Comissão de Desenvolvimento Econômico, Indústria, Comércio e Serviços","DESENVOLV. ECONÔMICO, INDÚSTRIA, COMÉRCIO E SERV.","2","Comissão Permanente"
"2009","https://dadosabertos.camara.leg.br/api/v2/orgaos/2009","CE","Comissão de Educação","EDUCAÇÃO","2","Comissão Permanente"
"2010","https://dadosabertos.camara.leg.br/api/v2/orgaos/2010","CFT","Comissão de Finanças e Tributação","FINANÇAS E TRIBUTAÇÃO","2","Comissão Permanente"
"2011","https://dadosabertos.camara.leg.br/api/v2/orgaos/2011","CFFC","Comissão de Fiscalização Financeira e Controle","FISCALIZAÇÃO FINANCEIRA E CONTROLE","2","Comissão Permanente"
"2012","https://dadosabertos.camara.leg.br/api/v2/orgaos/2012","CME","Comissão de Minas e Energia","MINAS E ENERGIA","2","Comissão Permanente"
"2014","https://dadosabertos.camara.leg.br/api/v2/orgaos/2014","CSSF","Comissão de Seguridade Social e Família","SEGURIDADE SOCIAL E FAMÍLIA","2","Comissão Permanente"
"2015","https://dadosabertos.camara.leg.br/api/v2/orgaos/2015","CTASP","Comissão de Trabalho, de Administração e Serviço Público","TRABALHO, ADMINISTRAÇÃO E SERVIÇO PÚBLICO","2","Comissão Permanente"
"2016","https://dadosabertos.camara.leg.br/api/v2/orgaos/2016","CVT","Comissão de Viação e Transportes","VIAÇÃO E TRANSPORTES","2","Comissão Permanente"
"2017","https://dadosabertos.camara.leg.br/api/v2/orgaos/2017","CINDRA","Comissão de Integração Nacional, Desenvolvimento Regional e da Amazônia","INTEGRAÇÃO NACIONAL, DESENV. REGIONAL E AMAZÔNIA","2","Comissão Permanente"
"2018","https://dadosabertos.camara.leg.br/api/v2/orgaos/2018","CREDN","Comissão de Relações Exteriores e de Defesa Nacional","RELAÇÕES EXTERIORES E DE DEFESA NACIONAL","2","Comissão Permanente"
"5503","https://dadosabertos.camara.leg.br/api/v2/orgaos/5503","CSPCCO","Comissão de Segurança Pública e Combate ao Crime Organizado","SEGURANÇA PÚBLICA E COMBATE AO CRIME ORGANIZADO","2","Comissão Permanente"
"5971","https://dadosabertos.camara.leg.br/api/v2/orgaos/5971","COETICA","Conselho de Ética e Decoro Parlamentar da Câmara dos Deputados","CONSELHO DE ÉTICA E DECORO PARLAMENTAR","11","Conselho"
"5973","https://dadosabertos.camara.leg.br/api/v2/orgaos/5973","MERCOSUL","Representação Brasileira no Parlamento do Mercosul.","REPRESENTAÇÃO BRASILEIRA NO PARLAMENTO DO MERCOSUL","6","Comissão Mista Permanente"
"6066","https://dadosabertos.camara.leg.br/api/v2/orgaos/6066","CTUR","Comissão de Turismo","TURISMO","2","Comissão Permanente"
"6127","https://dadosabertos.camara.leg.br/api/v2/orgaos/6127","CEDOCSIG","Comissão Especial destinada a apreciar as solicitações de acesso a informações sigilosas produzidas ou recebidas pela Câmara dos Deputados no exercício de suas funções parlamentares e administrativas, assim como sobre o cancelamento ou redução de prazos de sigilo e outras atribuições previstas na Resolução n º 29, de 1993.","RES 29/93 - DOCUMENTOS SIGILOSOS","3","Comissão Especial"
"6137","https://dadosabertos.camara.leg.br/api/v2/orgaos/6137","PROPAR","Procuradoria Parlamentar","PROCURADORIA PARLAMENTAR","12","Procuradoria Parlamentar"
"6174","https://dadosabertos.camara.leg.br/api/v2/orgaos/6174","CMADS","Comissão de Meio Ambiente e Desenvolvimento Sustentável","MEIO AMBIENTE E DESENVOLVIMENTO SUSTENTÁVEL","2","Comissão Permanente"
"6422","https://dadosabertos.camara.leg.br/api/v2/orgaos/6422","GTPENAL","Grupo de Trabalho para efetuar estudo em relação à eventual inclusão em Ordem do Dia de projetos em tramitação na Casa, sobre Direito Penal e Processo Penal, sob a coordenação do Senhor Deputado João Campos.","PROJETOS SOBRE DIREITO PENAL E PROCESSO PENAL","10","Grupo de Trabalho"
"6523","https://dadosabertos.camara.leg.br/api/v2/orgaos/6523","CEANISTI","Comissão Especial destinada a acompanhar, até o dia 30 de novembro de 2008, a aplicação das seguintes Leis de Anistia: Lei nº 8878/1994, que ""dispõe sobre a concessão de anistia""; Lei nº 10.790/2003, que ""concede anistia a dirigentes ou representantes sindicais e trabalhadores punidos por participação em movimento reivindicatório""; Lei nº 11.282/2006, que ""anistia os trabalhadores da Empresa Brasileira de Correios e Telégrafos-ECT punidos em razão da participação em movimento grevista""; e Lei nº 10.559/2002, que ""regulamenta o artigo 8º do Ato das Disposições Constitucionais Transitórias e dá outras providências"".","LEI DA ANISTIA","3","Comissão Especial"
"6533","https://dadosabertos.camara.leg.br/api/v2/orgaos/6533","GTLIDERA","Grupo de Trabalho destinado a estudar o remanejamento do espaço físico das Lideranças Partidárias.","REMANEJAMENTO DO ESPAÇO FÍSICO DAS LIDERANÇAS","10","Grupo de Trabalho"
"6549","https://dadosabertos.camara.leg.br/api/v2/orgaos/6549","SINTALMI","Comissão de Sindicância destinada a analisar o processo nº 146.341/2007, relativo a fatos atribuídos ao Sr. Deputado Dr. Talmir Rodrigues em matérias veiculadas na imprensa.","FATOS ATRIBUÍDOS AO SR. DEP. TALMIR RODRIGUES","7","Comissão de Sindicância"
"6554","https://dadosabertos.camara.leg.br/api/v2/orgaos/6554","CECONSTI","Comissão Especial para analisar todos os artigos ainda não regulamentados da Constituição Federal de 1988.","CE - REGULAMENTAÇÃO DA CONSTITUIÇÃO FEDERAL","3","Comissão Especial"
"6555","https://dadosabertos.camara.leg.br/api/v2/orgaos/6555","GTRESID","Grupo de Trabalho destinado a examinar o parecer proferido pela Comissão Especial ao Projeto de Lei nº 203, de 1991, que dispõe sobre o acondicionamento, a coleta, o tratamento, o transporte e a destinação final dos resíduos de serviços de saúde, com vistas a viabilizar, junto à Casa, a  deliberação sobre a matéria.","RESÍDUOS SÓLIDOS","10","Grupo de Trabalho"
"6575","https://dadosabertos.camara.leg.br/api/v2/orgaos/6575","SUBORÇAM","Subcomissão Permanente de Orçamento para a Amazônia.","CAINDR - ORÇAMENTO PARA A AMAZÔNIA","25","Subcomissão"
"6576","https://dadosabertos.camara.leg.br/api/v2/orgaos/6576","SUBALTER","Subcomissão Permanente Destina a Tratar de Alternativas Econômicas Sustentáveis para a Amazônia Brasileira e Fontes de Financiamento do Sistema Nacional de Meio Ambiente.","CAINDR - ALTERNATIVAS ECONÔMICAS SUSTENTÁVEIS","25","Subcomissão"
"6577","https://dadosabertos.camara.leg.br/api/v2/orgaos/6577","SUBSUDEN","Subcomissão Permanente Destina a Tratar das Questões Relacionadas ao Nordeste e Áreas de Abrangência da SUDENE.","CAINDR - ÁREAS DE ABRANGÊNCIA DA SUDENE","25","Subcomissão"
"6578","https://dadosabertos.camara.leg.br/api/v2/orgaos/6578","SUBMPPAC","Subcomissão Especial Destinada a Acompanhar os Desdobramentos das Medidas Provisórias do PAC - Plano de Aceleração do Crescimento, referente aos Recursos Reservados à Amazônia, à Região Nordeste e Centro Oeste, bem como Estudar e Analisar os Impactos do PAC sobre a Política de Integração Nacional.","CAINDR - MEDIDAS PROVISÓRIAS DO PAC","25","Subcomissão"
"6580","https://dadosabertos.camara.leg.br/api/v2/orgaos/6580","SUBDESEN","Subcomissão Especial Destinada a Discutir as Polítcas de Desenvolvimento Sustentável, implantação de Zoneamento Econômico-Ecológico e o Combate ao Desmatamento na Região Amazônica, bem como, acompanhar as ações do Governo Federal na Amazônia.","CAINDR - POLÍTICAS DE DESENVOLVIMENTO SUSTENTÁVEL","25","Subcomissão"
"6582","https://dadosabertos.camara.leg.br/api/v2/orgaos/6582","SUBAGUA","Subcomissão Especial Destinada a estudar e emitir parecer ao processo político sobre a água no Brasil e seus impactos na Região Amazônica.","CAINDR - ÁGUA NO BRASIL","25","Subcomissão"
"6667","https://dadosabertos.camara.leg.br/api/v2/orgaos/6667","SUBPAC","Subcomissão Permanente destinada a acompanhar e fiscalizar o andamento das obras fomentadas pelo PAC.","CDU - ACOMPANHAMENTO DAS OBRAS DO PAC","25","Subcomissão"
"6688","https://dadosabertos.camara.leg.br/api/v2/orgaos/6688","SUBFERTI","Subcomissão Especial para diagnosticar e sugerir políticas para o mercado de fertilizantes  no país.","CAPADR - POLITICAS PARA O MERCADO DE FERTILIZANTES","25","Subcomissão"
"6696","https://dadosabertos.camara.leg.br/api/v2/orgaos/6696","CEXTRASC","Comissão Externa para acompanhar a tragédia climática ocorrida no Estado de Santa Catarina.","COMISSÃO EXTERNA TRAGÉDIA CLIMÁTICA SANTA CATARINA","5","Comissão Externa"
"6707","https://dadosabertos.camara.leg.br/api/v2/orgaos/6707","CEXLUTER","Comissão Externa para acompanhar a situação da Universidade Luterana do Brasil.","SITUAÇÃO DA UNIVERSIDADE LUTERANA DO BRASIL","5","Comissão Externa"
"6718","https://dadosabertos.camara.leg.br/api/v2/orgaos/6718","CEXBACIA","Requer a instituição de Comissão Externa, destinada a acompanhar  as ações, inclusive as obras, do projeto de integração do Rio São Francisco com às bacias dos rios intermitentes do semi-árido.","INTEGRAÇÃO DO RIO SÃO FRANCISCO","5","Comissão Externa"
"6722","https://dadosabertos.camara.leg.br/api/v2/orgaos/6722","CMMC","Comissão Mista Permanente sobre Mudanças Climáticas - CMMC","COMISSÃO MISTA PERMANENTE SOBRE CLIMAS","6","Comissão Mista Permanente"
"6743","https://dadosabertos.camara.leg.br/api/v2/orgaos/6743","CEXSAUDE","Comissão Externa para apurar as condições e as aplicações dos recursos da Saúde nos hospitais dos Estados do Pará e do Amapá.","COMISSÃO EXTERNA RECURSOS DA SAÚDE NO PARÁ E AMAPÁ","5","Comissão Externa"
"6760","https://dadosabertos.camara.leg.br/api/v2/orgaos/6760","CEXSERRA","Comissão Externa para acompanhar a desocupação da Reserva Indígena Raposa/Serra do Sol","COMISSÃO EXTERNA DESOCUPAÇAO RAPOSA SERRA DO SOL","5","Comissão Externa"
"6769","https://dadosabertos.camara.leg.br/api/v2/orgaos/6769","CEXTRAMA","Comissão Externa para visitar as áreas atingidas pelas enchentes no Estado do Maranhão.","TRAGÉDIA CLIMÁTICA OCORRIDA NO MARANHÃO","5","Comissão Externa"
"6788","https://dadosabertos.camara.leg.br/api/v2/orgaos/6788","CEXNEONA","Comissão Externa destinada a acompanhar as investigações a respeito da  quadrilha de neonazistas desarticulada  no Estado do Rio do Grande do Sul, com células organizadas em São Paulo, Paraná e Santa Catarina, e seus desdobramentos.","ACOMP. INVESTIGAÇÕES SOBRE QUADRILHA NEONAZISTA","5","Comissão Externa"
"6821","https://dadosabertos.camara.leg.br/api/v2/orgaos/6821","CEXHONDU","Comissão Externa para verificar, in loco, a situação da Embaixada brasileira em Honduras e colaborar com os esforços da comunidade internacional para a resolução da controvérsia que envolve o acolhimento do Presidente Manoel Zelaya nas dependências da legação do Brasil nesse País.","HONDURAS - ASILO DIPLOMÁTICO AO PRESIDENTE DEPOSTO","5","Comissão Externa"
"6834","https://dadosabertos.camara.leg.br/api/v2/orgaos/6834","CEXAPAGA","Comissão Externa a fim de acompanhar as investigações acerca do apagão ocorrido no dia 10/11/2009 em vários Estados brasileiros","CEX - APAGÃO EM VÁRIOS ESTADOS BRASILEIROS","5","Comissão Externa"
"6856","https://dadosabertos.camara.leg.br/api/v2/orgaos/6856","PARJOV10","Comissão Executiva encarregada de implementar todos os procedimentos necessários à realização da sessão do Parlamento Jovem Brasileiro.","PARLAMENTO JOVEM BRASILEIRO 2010","3","Comissão Especial"
"6858","https://dadosabertos.camara.leg.br/api/v2/orgaos/6858","CEXEMEND","Comissão Externa integrada pelos Deputados do Rio de Janeiro e Espírito Santo, para participarem  de ato público, em decorrência da aprovação da emenda nº 387 ao Projeto de Lei nº 2502, de 2007, que redistribuiu a divisão dos royalties do petróleo, a realizar-se no Rio de Janeiro.","ATO PÚBLICO NO RIO - REDISTRIBUIÇÃO DOS ROYALTIES","5","Comissão Externa"
"6864","https://dadosabertos.camara.leg.br/api/v2/orgaos/6864","CEXRIO","Comissão Externa, sem ônus para a Câmara dos Deputados, para apoiar as ações empreendidas pelo Governo do Estado do Rio de Janeiro e prefeituras das cidades atingidas pelos eventos, associados à precipitação pluviométrica extraordinária, que vêm vitimando a população fluminense.","COMISSÃO EXTERNA P/ APOIAR O RIO NA TRAGÉDIA CHUVA","5","Comissão Externa"
"6866","https://dadosabertos.camara.leg.br/api/v2/orgaos/6866","CEXANDRO","Comissão Externa destinada a analisar in loco os efeitos das políticas antidrogas instituídas em Portugal, Holanda e Itália.","COMISSÃO EXTERNA PARA ANALISAR POLÍTICA ANTIDROGAS","5","Comissão Externa"
"6891","https://dadosabertos.camara.leg.br/api/v2/orgaos/6891","CEXCHUVA","Comissão Externa para acompanhar os fatos relacionados às intempéries ocorridas nos Estados de Alagoas e Pernambuco, decorrentes das fortes chuvas que vitimaram centenas de pessoas nesses Estados.","INTEMPÉRIES OCORRIDAS EM ALAGOAS E PERNAMBUCO","5","Comissão Externa"
"6900","https://dadosabertos.camara.leg.br/api/v2/orgaos/6900","REP-1210","Comissão Representativa do Congresso Nacional prevista no § 4º do art. 58 da Constituição Federal (período 23 de dezembro de 2010 a 31 de janeiro de 2011)","COMISSÃO REPRESENTATIVA DO CONGRESSO NACIONAL","8","Comissão Representativa do CN"
"6910","https://dadosabertos.camara.leg.br/api/v2/orgaos/6910","CEDOS","Comissão Especial destinada a apreciar as solicitações de acesso a informações sigilosas produzidas ou recebidas pela Câmara dos Deputados no exercício de suas funções parlamentares e administrativas, assim como sobre o cancelamento ou redução de prazos de sigilo e outras atribuições previstas na Resolução n º 29, de 1993","RES 29/93 - DOCUMENTOS SIGILOSOS","3","Comissão Especial"
"6935","https://dadosabertos.camara.leg.br/api/v2/orgaos/6935","PRMULHER","Procuradoria da Mulher (Resolução da Câmara dos Deputados nº 31, de 2013, que dispõe sobre a Secretaria da Mulher)","PROCURADORIA DA MULHER","12","Procuradoria Parlamentar"
"7009","https://dadosabertos.camara.leg.br/api/v2/orgaos/7009","SUBTRARO","Subcoissão permanente destinada a acompanhar as ações relacionadas às rodovias e transporte rodoviário.","CVT-SUBCOMISSÃO PERMANENTE TRANSPORTE RODOVIÁRIO","25","Subcomissão"
"536996","https://dadosabertos.camara.leg.br/api/v2/orgaos/536996","CCULT","Comissão de Cultura","CULTURA","2","Comissão Permanente"
"537053","https://dadosabertos.camara.leg.br/api/v2/orgaos/537053","CORREGE","Corregedoria Parlamentar","CORREGEDORIA PARLAMENTAR","13","Corregedoria"
"537148","https://dadosabertos.camara.leg.br/api/v2/orgaos/537148","CDMULHER","Coordenadoria dos Direitos da Mulher (Resolução da Câmara dos Deputados nº 31, de 2013, que dispõe sobre a Secretaria da Mulher)","COORDENADORIA DOS DIREITOS DA MULHER","15","COORDENADORIA DA MULHER"
"537225","https://dadosabertos.camara.leg.br/api/v2/orgaos/537225","CMPPLP","Comissão Mista do Congresso Nacional de Assuntos Relacionados à Comunidade dos Países de Língua Portuguesa","COMISSÃO MISTA PERMANENTE PAÍSES LÍNGUA PORTUGUESA","6","Comissão Mista Permanente"
"537226","https://dadosabertos.camara.leg.br/api/v2/orgaos/537226","CMPCCAI","Comissão Mista de Controle das Atividades de Inteligência (CCAI).","COMISSÃO MISTA PERMANENTE CCAI","6","Comissão Mista Permanente"
"537236","https://dadosabertos.camara.leg.br/api/v2/orgaos/537236","CESPO","Comissão do Esporte","ESPORTE","2","Comissão Permanente"
"537239","https://dadosabertos.camara.leg.br/api/v2/orgaos/537239","SEMULHER","Secretaria da Mulher","SECRETARIA DA MULHER","15","COORDENADORIA DA MULHER"
"537340","https://dadosabertos.camara.leg.br/api/v2/orgaos/537340","PL241207","Comissão Especial destinada a proferir parecer ao Projeto de Lei nº 2.412, de 2007, do Sr. Regis de Oliveira, que ""dispõe sobre a execução administrativa da Dívida Ativa da União, dos Estados, do Distrito Federal, dos Municípios, de suas respectivas autarquias e fundações públicas, e dá outras providências"" (define critérios para o processamento administrativo das execuções fiscais - altera a Lei nº 8.397, de 1992 e revoga a Lei nº 6.830, de 1980) e apensados","PL 2412/07 - EXECUÇÃO DA DÍVIDA ATIVA","3","Comissão Especial"
"537343","https://dadosabertos.camara.leg.br/api/v2/orgaos/537343","CEREFPOL","Comissão Especial destinada a efetuar estudo e apresentar propostas com relação às matérias infraconstitucionais da Reforma Política","REFORMA POLÍTICA INFRACONSTITUCIONAL","3","Comissão Especial"
"537345","https://dadosabertos.camara.leg.br/api/v2/orgaos/537345","PL157211","Comissão Especial destinada a proferir parecer ao Projeto de Lei nº 1572, de 2011, do Sr. Vicente Candido, que ""institui o Código Comercial""","PL 1572/11 - INSTITUI O CÓDIGO COMERCIAL","3","Comissão Especial"
"537347","https://dadosabertos.camara.leg.br/api/v2/orgaos/537347","PEC07011","Comissão Especial destinada a apreciar e proferir parecer à Proposta de Emenda à Constituição nº 70-A, de 2011, do Senado Federal, que ""altera o procedimento de apreciação das medidas provisórias pelo Congresso Nacional""","PEC 070/11 - PROCESSO DE APRECIAÇÃO DE MP","3","Comissão Especial"
"537348","https://dadosabertos.camara.leg.br/api/v2/orgaos/537348","PL658313","Comissão Especial destinada a proferir parecer ao Projeto de Lei nº 6583, de 2013, do Sr. Anderson Ferreira, que ""dispõe sobre o Estatuto da Família e dá outras providências"", e apensado","PL 6583/13 - ESTATUTO DA FAMÍLIA","3","Comissão Especial"
"537349","https://dadosabertos.camara.leg.br/api/v2/orgaos/537349","PL423812","Comissão Especial destinada a proferir parecer ao Projeto de Lei nº 4.238, de 2012, do Senado Federal, que ""altera o art. 19 da Lei nº 7.102, de 20 de junho de 1983, para dispor sobre o piso nacional de salário dos empregados em empresas particulares que explorem serviços de vigilância e transporte de valores"" (o piso varia de oitocentos reais, grau mínimo, a mil e cem reais, grau máximo), e apensados","PL 4238/12 - PISO SALARIAL DE VIGILANTES","3","Comissão Especial"
"537350","https://dadosabertos.camara.leg.br/api/v2/orgaos/537350","CEXTRRIO","Comissão Externa destinada a acompanhar todos os atos, fatos relevantes, normas e procedimentos referentes às obras do Projeto de Integração do Rio São Francisco com as Bacias Hidrográficas do Nordeste Setentrional, popularmente conhecida como ""Transposição do Rio São Francisco"", bem como o Programa de Revitalização da Bacia Hidrográfica do Rio São Francisco","TRANSPOSIÇÃO RIO SÃO FRANCISCO","5","Comissão Externa"
"537351","https://dadosabertos.camara.leg.br/api/v2/orgaos/537351","CEXCANC","Comissão Externa destinada a fazer levantamento in loco bem como acompanhar e fiscalizar os fatos relativos ao cancelamento da construção das refinarias Premium I e Premium II, respectivamente nos estados do Maranhão e do Ceará.","CANCELAMENTO REF. PREMIUM I E II MA E CE","5","Comissão Externa"
"537352","https://dadosabertos.camara.leg.br/api/v2/orgaos/537352","PL003711","Comissão Especial destinada a proferir parecer ao Projeto de Lei nº 37, de 2011, do Sr. Welinton Prado, que ""dispõe sobre o regime de aproveitamento das substâncias minerais, com exceção dos minérios nucleares, petróleo, gás natural e outros hidrocarbonetos fluidos e das substâncias minerais submetidas ao regime de licenciamento de que trata o inciso III do art. 2º do Decreto-lei nº 227, de 28 de fevereiro de 1967"", e apensados (MINERAÇÃO)","PL 0037/11 - MINERAÇÃO","3","Comissão Especial"
"537356","https://dadosabertos.camara.leg.br/api/v2/orgaos/537356","PEC01911","Comissão Especial destinada a proferir parecer à Proposta de Emenda à Constituição nº 19-A, de 2011, do Sr. Wilson Filho e outros, que ""altera o art. 40 do Ato das Disposições Constitucionais Transitórias para estabelecer a criação da Zona Franca do Semiárido Nordestino""","PEC 019/11 - ZONA FRANCA DO SEMIÁRIDO NORDESTINO","3","Comissão Especial"
"537363","https://dadosabertos.camara.leg.br/api/v2/orgaos/537363","PEC21500","Comissão Especial destinada a apreciar e proferir parecer à Proposta de Emenda à Constituição nº 215-A, de 2000, do Sr. Almir Sá e outros, que ""acrescenta o inciso XVIII ao art. 49; modifica o § 4º e acrescenta o § 8º ambos no art. 231, da Constituição Federal"" (inclui dentre as competências exclusivas do Congresso Nacional a aprovação de demarcação das terras tradicionalmente ocupadas pelos índios e a ratificação das demarcações já homologadas; estabelecendo que os critérios e procedimentos de demarcação serão regulamentados por lei), e apensadas","PEC 215/00 - DEMARCAÇÃO DE TERRAS INDÍGENAS","3","Comissão Especial"
"537365","https://dadosabertos.camara.leg.br/api/v2/orgaos/537365","PEC49110","Comissão Especial destinada a proferir parecer à Proposta de Emenda à Constituição nº 491, de 2010, do Sr. Luiz Carlos Hauly e outros, que ""acresce incisos ao art. 150, VI e art. 155, X da Constituição Federal"" (proíbe a criação de imposto incidente sobre insumos agrícolas, pecuária, alimentos para o consumo humano e medicamentos), e apensadas","PEC 491/10 - PROÍBE IMPOSTO SOBRE INSUMOS","3","Comissão Especial"
"537367","https://dadosabertos.camara.leg.br/api/v2/orgaos/537367","PL161096","Comissão Especial destinada a proferir parecer ao Projeto de Lei nº 1610, de 1996, do Senado Federal, que ""dispõe sobre a exploração e o aproveitamento de recursos minerais em terras indígenas, de que tratam os arts. 176, parágrafo primeiro, e 231, parágrafo terceiro, da Constituição Federal"", e apensados","PL 1610/96 - EXPLORAÇÃO RECURSOS TERRAS INDÍGENAS","3","Comissão Especial"
"537369","https://dadosabertos.camara.leg.br/api/v2/orgaos/537369","PL372212","Comissão Especial destinada a proferir parecer ao Projeto de Lei nº 3722, de 2012, do Sr. Rogério Peninha Mendonça, que ""disciplina as normas sobre aquisição, posse, porte e circulação de armas de fogo e munições, cominando penalidades e dando providências correlatas"" (altera o Decreto-lei nº 2.848, de 1940 e revoga a Lei nº 10.826, de 2003)","PL 3722/12 - DESARMAMENTO","3","Comissão Especial"
"537373","https://dadosabertos.camara.leg.br/api/v2/orgaos/537373","PL719702","Comissão Especial destinada a proferir parecer ao Projeto de Lei nº 7197, de 2002, do Senado Federal, que ""acrescenta §§ aos arts. 104 e 105 da Lei nº 8.069, de 13 de julho de 1990, que dispõe sobre o Estatuto da Criança e do Adolescente e dá outras providências, para permitir a aplicação de medidas sócio-educativas aos infratores que atingirem a maioridade penal"", e apensados","PL 7197/02 - REVISÃO DAS MEDIDAS EDUCATIVAS DO ECA","3","Comissão Especial"
"537374","https://dadosabertos.camara.leg.br/api/v2/orgaos/537374","PL742006","Comissão Especial destinada a proferir parecer ao Projeto de Lei nº 7420, de 2006, da Sra. Professora Raquel Teixeira, que ""dispõe sobre a qualidade da educação básica e a responsabilidade dos gestores públicos na sua promoção"", e apensados","PL 7420/06 - LEI DE RESPONSABILIDADE EDUCACIONAL","3","Comissão Especial"
"537383","https://dadosabertos.camara.leg.br/api/v2/orgaos/537383","PEC09911","Comissão Especial destinada a proferir parecer à Proposta de Emenda à Constituição nº 99-A, de 2011, do Sr. João Campos e outros, que ""acrescenta ao art. 103, da Constituição Federal, o inc. X, que dispõe sobre a capacidade postulatória das Associações Religiosas para propor ação de inconstitucionalidade e ação declaratória de constitucionalidade de leis ou atos normativos, perante a Constituição Federal""","PEC 099/11 - ASSOCIAÇÕES RELIGIOSAS PROPOREM ADIN","3","Comissão Especial"
"537384","https://dadosabertos.camara.leg.br/api/v2/orgaos/537384","PEC13111","Comissão Especial destinada a apreciar e proferir parecer à Proposta de Emenda à Constituição nº 131-A, de 2011, do Sr. Nilson Leitão e outros, que ""altera o § 4º do art. 184 e acrescenta inciso IX e §§ 3º e 4º ao art. 187 da Constituição Federal"" (assegura a prestação de serviço de orientação técnica agrícola e pecuária específica por agentes comunitários da terra como parte integrante da Política Agrícola e da Reforma Agrária)","PEC 131/11 - AGENTES COMUNITÁRIOS DA TERRA","3","Comissão Especial"
"537385","https://dadosabertos.camara.leg.br/api/v2/orgaos/537385","PEC15907","Comissão Especial destinada a proferir parecer à Proposta de Emenda à Constituição nº 159-A, de 2007, do Sr. Assis do Couto e outros, que ""altera a redação do § 4º do art.177 da Constituição Federal"" (destina recursos da Cide-combustíveis para o financiamento de projetos de mitigação dos impactos socioambientais negativos decorrentes da produção de biocombustíveis), e apensadas","PEC 159/07 - DESTINAÇÃO DE RECURSOS DA CIDE","3","Comissão Especial"
"537388","https://dadosabertos.camara.leg.br/api/v2/orgaos/537388","CELICITA","Comissão Especial para análise, estudo e formulação de proposições relacionadas à Lei 8.666, de 1993 (institui normas para licitações e contratos da Administração Pública e dá outras providências)","LICITAÇÕES (LEI 8666/1993)","3","Comissão Especial"
"537389","https://dadosabertos.camara.leg.br/api/v2/orgaos/537389","CEPACTO","Comissão Especial destinada a analisar e apresentar propostas com relação à partilha de recursos públicos e respectivas obrigações da União, dos Estados, dos Municípios e do Distrito Federal (Pacto Federativo)","PACTO FEDERATIVO","3","Comissão Especial"
"537390","https://dadosabertos.camara.leg.br/api/v2/orgaos/537390","PEC45301","Comissão Especial destinada a proferir parecer à Proposta de Emenda à Constituição nº 453-A de 2001, do Sr. Raimundo Gomes de Matos e outros, que ""dá nova redação ao caput do art. 38 da Constituição Federal"" (propondo a volta à redação originária do artigo 38 da Constituição, aplicando ao servidor da administração indireta as normas para exercício de mandato eletivo)","PEC 453/01 - SERVIDOR ADMIN. INDIRETA SER VEREADOR","3","Comissão Especial"
"537397","https://dadosabertos.camara.leg.br/api/v2/orgaos/537397","PL722306","Comissão Especial destinada a proferir parecer ao Projeto de Lei nº 7.223, de 2006, do Senado Federal, que ""altera a Lei nº 7.210, de 11 de julho de 1984, Lei de Execução Penal, e a Lei nº 10.792, de 1º de dezembro de 2003, para criar o regime penitenciário de segurança máxima"", e apensados","PL 7223/06 - REGIME PENITENCIÁRIO SEGURANÇA MAXIMA","3","Comissão Especial"
"537399","https://dadosabertos.camara.leg.br/api/v2/orgaos/537399","PL804510","Comissão Especial destinada a proferir parecer ao Projeto de Lei nº 8045, de 2010, do Senado Federal, que trata do ""Código de Processo Penal"" (revoga o decreto-lei nº 3.689, de 1941. Altera os Decretos-lei nº 2.848, de 1940; 1.002, de 1969; as Leis nº 4.898, de 1965, 7.210, de 1984; 8.038, de 1990; 9.099, de 1995; 9.279, de 1996; 9.609, de 1998; 11.340, de 2006; 11.343, de 2006), e apensado","PL 8045/10 - CÓDIGO DE PROCESSO PENAL","3","Comissão Especial"
"537400","https://dadosabertos.camara.leg.br/api/v2/orgaos/537400","PLP25105","Comissão Especial destinada a proferir parecer ao Projeto de Lei Complementar  nº 251, de 2005, do Sr. Roberto Gouveia, que ""incluem parágrafos no artigo 19 da Lei Complementar nº 101 de 4 de maio de 2000"" (aumenta o gasto com pessoal na área de saúde para até 75% 'setenta e cinco por cento' dos recursos financeiros destinados à saúde), e apensados","PLP 251/05 - DESPESA COM PESSOAL NA ÁREA DA SAÚDE","3","Comissão Especial"
"537401","https://dadosabertos.camara.leg.br/api/v2/orgaos/537401","PEC38709","Comissão Especial destinada a proferir parecer à Proposta de Emenda à Constituição nº 387-A, de 2009, do Sr. Ademir Camilo e outros, que ""dá nova redação ao inciso III, do art. 38 da Constituição Federal"" (autoriza Vice-Prefeito a perceber a vantagem de seu cargo, emprego ou função, sem prejuízo da remuneração de seu cargo eletivo, desde que haja compatibilidade de horário)","PEC 387/09 - VICE-PREFEITO PERCEBER VANTAGEM CARGO","3","Comissão Especial"
"537409","https://dadosabertos.camara.leg.br/api/v2/orgaos/537409","PEC21403","Comissão Especial destinada a proferir parecer à Proposta de Emenda à Constituição nº 214-A, de 2003, do Senado Federal, destinada a  ""acrescentar § 5º ao art. 73 e § 4º ao art. 131, ambos da Constituição Federal, para instituir as consultorias jurídicas do Tribunal de Contas da União, da Câmara dos Deputados e do Senado Federal""","PEC 214/03 - CONSULTORIAS JURÍDICAS P/ CD, SF, TCU","3","Comissão Especial"
"537440","https://dadosabertos.camara.leg.br/api/v2/orgaos/537440","CEHIDRIC","Comissão Especial destinada a estudar e debater os efeitos da Crise Hídrica, bem como propor medidas tendentes a minimizar os impactos da escassez de água no Brasil","CRISE HÍDRICA NO BRASIL","3","Comissão Especial"
"537460","https://dadosabertos.camara.leg.br/api/v2/orgaos/537460","CMO","Comissão Mista de Planos, Orçamentos Públicos e Fiscalização","COMISSÃO MISTA DE ORÇAMENTO","6","Comissão Mista Permanente"
"537461","https://dadosabertos.camara.leg.br/api/v2/orgaos/537461","CMMULHER","Comissão Permanente Mista de Combate à Violência contra a Mulher","COMBATE À VIOLÊNCIA CONTRA A MULHER","6","Comissão Mista Permanente"
"537462","https://dadosabertos.camara.leg.br/api/v2/orgaos/537462","CECONTAS","Comissão Especial destinada a estudar e propor melhorias na sistemática de análise e avaliação das contas públicas e de conferência das transferências constitucionais","CONTAS PÚBLICAS E TRANSFERÊNCIAS CONSTITUCIONAIS","3","Comissão Especial"
"537463","https://dadosabertos.camara.leg.br/api/v2/orgaos/537463","CMMC","Comissão Mista Permanente sobre Mudanças Climáticas - CMMC","COMISSÃO MISTA PERMANENTE SOBRE CLIMAS","6","Comissão Mista Permanente"
"537465","https://dadosabertos.camara.leg.br/api/v2/orgaos/537465","PEC25316","Comissão Especial destinada a proferir parecer à Proposta de Emenda à Constituição nº 253-A, de 2016, do Senado Federal, que ""altera o art. 103 da Constituição Federal para permitir que entidade de representação de Municípios de âmbito nacional possa propor ação direta de inconstitucionalidade e ação declaratória de constitucionalidade"", e apensadas","PEC 253/16 - ENTIDADE MUNICIPAL PROPOR ADIN E ADC","3","Comissão Especial"
"537480","https://dadosabertos.camara.leg.br/api/v2/orgaos/537480","CPD","Comissão de Defesa dos Direitos das Pessoas com Deficiência","DEFESA DOS DIREITOS DAS PESSOAS COM DEFICIÊNCIA","2","Comissão Permanente"
"537482","https://dadosabertos.camara.leg.br/api/v2/orgaos/537482","CEXVENE","Comissão Externa destinada a acompanhar as circunstancias em que ocorreram e os desdobramentos da prisão do prefeito da cidade de Caracas, Antonio Ledezma, pelo Serviço Bolivariano de Inteligência Nacional (Sebin)","PRISÃO DO PREFEITO DE CARACAS / VENEZUELA","5","Comissão Externa"
"537483","https://dadosabertos.camara.leg.br/api/v2/orgaos/537483","PEC18712","Comissão Especial destinada a proferir parecer à Proposta de Emenda à Constituição nº 187-A, de 2012, do Sr. Wellington Fagundes e outros, que ""dá nova redação às alíneas ""a"" e ""b"" do inciso I do art. 96 da Constituição Federal, renomina as suas alíneas subsequentes e acrescenta-lhe um parágrafo único, dispondo sobre a eleição dos órgãos diretivos dos Tribunais de 2º grau""","PEC 187/12 - ELEIÇÃO P/ ÓRGÃOS DIRETIVOS TRIBUNAIS","3","Comissão Especial"
"537489","https://dadosabertos.camara.leg.br/api/v2/orgaos/537489","GTPEMIL","Grupo de Trabalho para avaliar a proposta do novo Código Penal Militar.","GRUPO DE TRABALHO DO CÓDIGO PENAL MILITAR","10","Grupo de Trabalho"
"537494","https://dadosabertos.camara.leg.br/api/v2/orgaos/537494","CEXCAMIN","Comissão Externa destinada a acompanhar a Paralisação Nacional dos Caminhoneiros","PARALISAÇÃO NACIONAL DOS CAMINHONEIROS","5","Comissão Externa"
"537498","https://dadosabertos.camara.leg.br/api/v2/orgaos/537498","SECOM","Secretaria de Comunicação Social","SECRETARIA DE COMUNICAÇÃO SOCIAL","15","COORDENADORIA DA MULHER"
"537499","https://dadosabertos.camara.leg.br/api/v2/orgaos/537499","SRI","Secretaria de Relações Internacionais","SECRETARIA DE RELAÇÕES INTERNACIONAIS","15","COORDENADORIA DA MULHER"
"537500","https://dadosabertos.camara.leg.br/api/v2/orgaos/537500","CEPENSAO","Comissão Especial destinada a estudar e apresentar propostas com relação à fiscalização das Entidades de Previdência Complementar (Fundos de Pensão)","FUNDOS DE PENSÃO","3","Comissão Especial"
"537503","https://dadosabertos.camara.leg.br/api/v2/orgaos/537503","PL082715","Comissão Especial destinada a proferir parecer ao Projeto de Lei nº 827, de 2015, do Sr. Dilceu Sperafico, que ""altera a Lei nº 9.456, de 25 de abril de 1997, que institui a Lei de Proteção de Cultivares e dá outras providências""","PL 0827/15 - LEI DE PROTEÇÃO DE CULTIVARES","3","Comissão Especial"
"537507","https://dadosabertos.camara.leg.br/api/v2/orgaos/537507","GTCL","Grupo de Trabalho de Consolidação das Leis","CONSOLIDAÇÃO DA LEGISLAÇÃO BRASILEIRA","10","Grupo de Trabalho"
"537512","https://dadosabertos.camara.leg.br/api/v2/orgaos/537512","SUBDESPO","Subcomissão Especial do Plano Nacional do Desporto.","CESPO-SUBCOMISSÃO ESPECIAL PLANO NACIONAL DESPORTO","25","Subcomissão"
"537513","https://dadosabertos.camara.leg.br/api/v2/orgaos/537513","SUBFUTEB","Subcomissão Permanente do Futebol Brasileiro.","CESPO-SUBCOMISSÃO PERMANENTE FUTEBOL BRASILEIRO","25","Subcomissão"
"537514","https://dadosabertos.camara.leg.br/api/v2/orgaos/537514","SUBOLIMP","Subcomissão Especial para a realização das Olimpíadas e Paralimpíadas de 2016","CESPO-SUB. ESP. OLIMPÍADAS PARALIMPÍADAS 2016","25","Subcomissão"
"537516","https://dadosabertos.camara.leg.br/api/v2/orgaos/537516","PEC47301","Comissão Especial destinada a proferir parecer à Proposta de Emenda à Constituição nº 473-A, de 2001, do Sr. Antonio Carlos Pannunzio e outros, que ""dá nova redação ao inciso XIV do art. 84 e ao parágrafo único do art. 101 da Constituição Federal"" (alterna entre o Presidente da República e o Congresso Nacional a escolha dos Ministros do Supremo Tribunal Federal), e apensadas","PEC 473/01 - ESCOLHA DE MINISTRO DO STF PELO CN","3","Comissão Especial"
"537517","https://dadosabertos.camara.leg.br/api/v2/orgaos/537517","SUBPOLAG","Subcomissão Permanente da Política Agrícola","CAPADR-SUBCOMISSÃO PERMANENTE POLÍTICA AGRÍCOLA","25","Subcomissão"
"537519","https://dadosabertos.camara.leg.br/api/v2/orgaos/537519","SUBDESUS","Subcomissão Especial do Desenvolvimento Sustentável","CAPADR-SUB ESPECIAL DESENVOLVIMENTO SUSTENTÁVEL","25","Subcomissão"
"537521","https://dadosabertos.camara.leg.br/api/v2/orgaos/537521","SUBCRORG","Subcomissão Permanente para tratar do Combate ao Crime Organizado","CSPCCO-SUB. PERMANENTE COMBATE CRIME ORGANIZADO","25","Subcomissão"
"537524","https://dadosabertos.camara.leg.br/api/v2/orgaos/537524","SUBHABIS","Subcomissão Permanente de Habitação","CDU-SUBCOMISSÃO PERMANENTE HABITAÇÃO","25","Subcomissão"
"537525","https://dadosabertos.camara.leg.br/api/v2/orgaos/537525","PL740614","Comissão Especial destinada a proferir parecer ao Projeto de Lei nº 7.406, de 2014, do Senado Federal, que ""altera o art. 3º da Lei nº 9.472, de 16 de julho de 1997, para assegurar ao usuário o direito de ser informado, antes de a chamada ser completada, sobre a incidência de despesas de interconexão"", e apensados","PL 7406/14 - TELECOMUNICAÇÕES","3","Comissão Especial"
"537531","https://dadosabertos.camara.leg.br/api/v2/orgaos/537531","SUBDESAN","Subcomissão Especial da Defesa Sanitária","CAPADR-SUBCOMISSÃO ESPECIAL DEFESA SANITÁRIA","25","Subcomissão"
"537532","https://dadosabertos.camara.leg.br/api/v2/orgaos/537532","SUBAGROE","Subcomissão Especial da Agroenergia","CAPADR-SUBCOMISSÃO ESPECIAL DA AGROENERGIA","25","Subcomissão"
"537533","https://dadosabertos.camara.leg.br/api/v2/orgaos/537533","SUBAFAM","Subcomissão Pemanente de Assuntos Fundiários e Agricultura Familiar","CAPADR-SUB. PERM. ASSUNTOS FUND. AGRIC. FAMILIAR","25","Subcomissão"
"537534","https://dadosabertos.camara.leg.br/api/v2/orgaos/537534","SUBINF","Subcomissão Permanente da Infraestrutura","CAPADR-SUBCOMISSÃO PERMANENTE DA INFRAESTRUTURA","25","Subcomissão"
"537535","https://dadosabertos.camara.leg.br/api/v2/orgaos/537535","SUBPEFAF","Subcomissão Permanente para acompanhar os Projetos Estratégicos das Forças Armadas e Aspectos relacionados às Fronteiras Brasileiras","CREDN-SUB. PERM. FORÇAS ARM. FRONT. BRASIL","25","Subcomissão"
"537536","https://dadosabertos.camara.leg.br/api/v2/orgaos/537536","SUBMIGRA","Subcomissão Permanente sobre Migração","CREDN- SUBCOMISSÃO PERMANENTE SOBRE MIGRAÇÃO","25","Subcomissão"
"537538","https://dadosabertos.camara.leg.br/api/v2/orgaos/537538","SUBCOEXT","Subcomissão Permanente de Comércio Exterior","CREDN-SUBCOMISSÃO PERMANENTE COMÉRCIO EXTERIOR","25","Subcomissão"
"537541","https://dadosabertos.camara.leg.br/api/v2/orgaos/537541","SUBPORTO","Subcomissão Permanente dos Portos e Vias Navegáveis","CVT - SUBCOMISSÃO DOS PORTOS E VIAS NAVEGÁVEIS","25","Subcomissão"
"537542","https://dadosabertos.camara.leg.br/api/v2/orgaos/537542","SUBSAUDE","Subcomissão Permanente de Saúde","CSSF-SUBCOMISSÃO PERMANENTE DE SAÚDE","25","Subcomissão"
"537543","https://dadosabertos.camara.leg.br/api/v2/orgaos/537543","SUBPREVI","Subcomissão Permanente de Previdência Social","CSSF-SUBCOMISSÃO PERMANENTE PREVIDÊNCIA SOCIAL","25","Subcomissão"
"537544","https://dadosabertos.camara.leg.br/api/v2/orgaos/537544","SUBASSOC","Subcomissão Permanente de Assistência Social","CSSF-SUBCOMISSÃO PERMANENTE ASSISTÊNCIA SOCIAL","25","Subcomissão"
"537553","https://dadosabertos.camara.leg.br/api/v2/orgaos/537553","PEC29913","Comissão Especial  destinada a proferir parecer à Proposta de Emenda à Constituição nº 299-A, de 2013, do Sr. Eduardo Cunha e outros, que ""altera o art. 88 da Constituição Federal"" (limita o número de ministérios)","PEC 299/13 - LIMITA O NÚMERO DE MINISTÉRIOS","3","Comissão Especial"
"537555","https://dadosabertos.camara.leg.br/api/v2/orgaos/537555","SUBREC","Subcomissão Permanente sobre fontes de recursos para incentivo à Cultura.","CCULT-SUBCOM. RECURSOS PARA INCENTIVO DA CULTURA","25","Subcomissão"
"537556","https://dadosabertos.camara.leg.br/api/v2/orgaos/537556","CEXTORNA","Comissão Externa destinada a acompanhar a situação de emergência no Estado de Santa Catarina atingido por tornado","SITUAÇÃO DE EMERGÊNCIA EM XANXERÊ/SC","5","Comissão Externa"
"537571","https://dadosabertos.camara.leg.br/api/v2/orgaos/537571","PEC02211","Comissão Especial destinada a proferir parecer à Proposta de Emenda à Constituição nº 22-A, de 2011, do Sr. Valtenir Pereira e outros, que ""acrescenta parágrafos ao art. 198 da Constituição Federal, dispondo sobre a responsabilidade financeira da União, co-responsável pelo SUS, na política remuneratória e na valorização dos profissionais que exercem atividades de agente comunitário de saúde e de agente de combate às endemias""","PEC 022/11 - UNIÃO REMUNERAR AGENTES COMUNITÁRIOS","3","Comissão Especial"
"537572","https://dadosabertos.camara.leg.br/api/v2/orgaos/537572","PEC18115","Comissão Especial destinada a proferir parecer à Proposta de Emenda à Constituição nº 181-A, de 2015, do Senado Federal, que ""altera o inciso XVIII do art. 7º da Constituição Federal para dispor sobre a licença-maternidade em caso de parto prematuro"", e apensada","PEC 181/15 - LICENÇA MATERNIDADE BEBE PREMATURO","3","Comissão Especial"
"537579","https://dadosabertos.camara.leg.br/api/v2/orgaos/537579","SUBFINED","Subcomissão Especial Financiamento da Educação","CFT-SUBCOMISSÃO ESP. FINANCIAMENTO DA EDUCAÇÃO","25","Subcomissão"
"537610","https://dadosabertos.camara.leg.br/api/v2/orgaos/537610","SUBSISFI","Subcomissão Especial Consolidação da Legislação do Sistema Financeiro","CFT-SUBCOMISSÃO LEGISLAÇÃO DO SISTEMA FINANCEIRO","25","Subcomissão"
"537622","https://dadosabertos.camara.leg.br/api/v2/orgaos/537622","PL044291","Comissão Especial destinada a proferir parecer ao Projeto de Lei nº 442, de 1991, do Sr. Renato Viana, e apensados, para estabelecer Marco Regulatório dos Jogos no Brasil","PL 0442/91 - MARCO REGULATÓRIO DOS JOGOS NO BRASIL","3","Comissão Especial"
"537650","https://dadosabertos.camara.leg.br/api/v2/orgaos/537650","PL355504","Comissão Especial destinada a proferir parecer ao Projeto de Lei nº 3.555, de 2004, do Sr. José Eduardo Cardozo, que ""estabelece normas gerais em contratos de seguro privado e revoga dispositivos do Código Civil, do Código Comercial Brasileiro e do Decreto-Lei nº 73 de 1966"" (revoga dispositivos das Leis nºs 556, de 1850 e 10.406, de 2002), e apensados","PL 3555/04 - REGULAMENTA CONTRATOS SEGURO PRIVADO","3","Comissão Especial"
"537661","https://dadosabertos.camara.leg.br/api/v2/orgaos/537661","SUBMOB","Subcomissão Especial Destinada a Acompanhar as Obras de Mobilidade Urbana Financiadas com Recursos Federais","CVT-SUBCOMISSÃO ESPECIAL OBRAS MOBILIDADE URBANA","25","Subcomissão"
"537662","https://dadosabertos.camara.leg.br/api/v2/orgaos/537662","SUBTEL","Subcomissão Especial da Telefonia","CDC - SUBCOMISSÃO ESPECIAL DA TELEFONIA","25","Subcomissão"
"537664","https://dadosabertos.camara.leg.br/api/v2/orgaos/537664","SUBTRAFE","Subcomissão Especial destinada a acompanhar Obras das Rodovias Federais Transversais BR 242 e BR 235","CVT-SUB ESP RODOVIAS FEDERAIS TRANSV BR 242 E 235","25","Subcomissão"
"537665","https://dadosabertos.camara.leg.br/api/v2/orgaos/537665","SUBPF","Subcomissão Permanente para Acompanhamento das Operações da Polícia Federal alusivas ao Sistema Tributário Nacional, no intuito de propor modificações normativas no Sistema de Administração de Recursos Fiscais.","CFFC-SUBCOMISSÃO OPERAÇÕES POLÍCIA FEDERAL","25","Subcomissão"
"537666","https://dadosabertos.camara.leg.br/api/v2/orgaos/537666","SUBJOGOS","Subcomissão Permanente para Acompanhamento e Fiscalização dos Jogos Olímpicos a se realizarem na cidade do Rio de Janeiro em 2016","CFFC-SUB PERM FISCALIZAÇÃO JOGOS OLÍMPLICOS 2016","25","Subcomissão"
"537673","https://dadosabertos.camara.leg.br/api/v2/orgaos/537673","SUBECOOP","Subcomissão Permanente Micro e Pequenas Empresas e Cooperativismo","CFT-SUB PERM MICRO PEQUENAS EMP E COOPERATIVISMO","25","Subcomissão"
"537676","https://dadosabertos.camara.leg.br/api/v2/orgaos/537676","SUBAMEXP","Subcomissão Permanente para Tratar do Controle de Armas, Munições e Explosivos","CSPCCO-SUB PERM CONTR ARMAS, MUNIÇÕES E EXPLOSIVOS","25","Subcomissão"
"537681","https://dadosabertos.camara.leg.br/api/v2/orgaos/537681","SUBTAVBR","Subcomissão Permanente para monitorar a implementação do Projeto do Trem de Alta Velocidade Brasileiro - TAV - e as ações para aprimoramento dos sistemas de transporte de passageiros sobre trilhos nas regiões metropolitanas e a expansão do transporte de cargas sobre trilhos.","CVT-SUBCOMISSÃO PERMANENTE TREM ALTA VELOCIDADE_","25","Subcomissão"
"537702","https://dadosabertos.camara.leg.br/api/v2/orgaos/537702","SUBPNE","Subcomissão Permanente para Acompanhar, Monitorar e Avaliar o Processo de Implementação das Estratégias e do Cumprimento das Metas do Plano Nacional de Educação (PNE)","CE-SUB PERM. ESTRATÉGIAS METAS PLANO NAC. EDUCAÇÃO","25","Subcomissão"
"537703","https://dadosabertos.camara.leg.br/api/v2/orgaos/537703","PEC03911","Comissão Especial destinada a proferir parecer à Proposta de Emenda à Constituição nº 39-A, de 2011, do Sr. Arnaldo Jordy e outros, que ""revoga o inciso VII do art. 20 da Constituição e o § 3º do art. 49 do Ato das Disposições Constitucionais Transitórias, para extinguir o instituto do terreno de marinha e seus acrescidos e para dispor sobre a propriedade desses imóveis"", e apensadas","PEC 039/11 - EXTINGUE O TERRENO DE MARINHA","3","Comissão Especial"
"537710","https://dadosabertos.camara.leg.br/api/v2/orgaos/537710","PEC44314","Comissão Especial destinada a proferir parecer à Proposta de Emenda à Constituição nº 443-A, de 2014, do Sr. Subtenente Gonzaga e outros, que ""acrescenta parágrafo ao art. 42 da Constituição Federal, para assegurar às associações dos militares estaduais as mesmas garantias de representação e imunidade tributária asseguradas aos sindicatos de trabalhadores""","PEC 443/14 - ISENÇÃO PARA ASSOCIAÇÕES DE MILITARES","3","Comissão Especial"
"537713","https://dadosabertos.camara.leg.br/api/v2/orgaos/537713","PEC00115","Comissão Especial destinada a proferir parecer à Proposta de Emenda à Constituição nº 01-A, de 2015, do Sr. Vanderlei Macris e outros, que ""altera o art. 198 da Constituição Federal, para dispor sobre o valor mínimo a ser aplicado anualmente pela União em ações e serviços públicos de saúde, de forma escalonada em cinco exercícios: 15%, 16%, 17%, 18% e 18,7%""","PEC 001/15 - PERCENTUAL MÍNIMO PARA A SAÚDE","3","Comissão Especial"
"537714","https://dadosabertos.camara.leg.br/api/v2/orgaos/537714","PEC01515","Comissão Especial destinada a proferir parecer à Proposta de Emenda à Constituição nº 15-A, de 2015, da Sra. Raquel Muniz e outros, que ""insere parágrafo único no art. 193; inciso IX, no art. 206 e art. 212-A, todos na Constituição Federal, de forma a tornar o Fundo de Manutenção e Desenvolvimento da Educação Básica e de Valorização dos Profissionais da Educação - Fundeb instrumento permanente de financiamento da educação básica pública, incluir o planejamento na ordem social e inserir  novo princípio no rol daqueles  com base nos quais a educação será ministrada, e revoga o art. 60 do Ato das Disposições Constitucionais Transitórias""","PEC 015/15 - TORNA PERMANENTE O FUNDEB / EDUCAÇÃO","3","Comissão Especial"
"537715","https://dadosabertos.camara.leg.br/api/v2/orgaos/537715","PL631405","Comissão Especial destinada a proferir parecer ao Projeto de Lei nº 6314, de 2005, do Sr. Takayama, que ""acrescenta inciso ao art. 142 da lei nº 2.848, de 7 de dezembro de 1940, Código Penal"" (excluindo o crime de injúria e difamação quando for a opinião de professor ou ministro religioso), e apensados","PL 6314/05 - LIBERDADE DE OPINIÃO ENSINO RELIGIOSO","3","Comissão Especial"
"537725","https://dadosabertos.camara.leg.br/api/v2/orgaos/537725","PEC25008","Comissão Especial destinada a proferir parecer à Proposta de Emenda à Constituição nº 250-A, de 2008, do Sr. Pedro Chaves e outros, que ""acresce artigo ao Ato das Disposições Constitucionais Transitórias"" (integra aos quadros efetivos de pessoal os empregados de empresa estatal em fase de liquidação ou processo de extinção, que se encontram agregados ao serviço público e que possuam mais de vinte anos de exercício)","PEC 250/08 - EFETIVA EMPREGADO NA EXTINÇÃO EMPRESA","3","Comissão Especial"
"537727","https://dadosabertos.camara.leg.br/api/v2/orgaos/537727","PEC00215","Comissão Especial destinada a proferir parecer à Proposta de Emenda à Constituição nº 2-A, de 2015, do Sr. Hélio Leite e outros, que ""altera o art. 166 da Constituição Federal, para tornar obrigatória a execução da programação orçamentária que especifica""","PEC 002/15 - EXECUÇÃO OBRIGATÓRIA EMENDA ORÇAMENTO","3","Comissão Especial"
"537730","https://dadosabertos.camara.leg.br/api/v2/orgaos/537730","PL396897","Comissão Especial destinada a proferir parecer ao Projeto de Lei nº 3968, de 1997, do Sr. Serafim Venzon, que ""isenta os órgãos públicos e as entidades filantrópicas do pagamento de direitos autorais pelo uso de obras musicais e lítero-musicais em eventos por eles promovidos"", e apensados","PL 3968/97 - DIREITOS AUTORAIS","3","Comissão Especial"
"537737","https://dadosabertos.camara.leg.br/api/v2/orgaos/537737","CETRIBUT","Comissão Especial para análise, estudo e formulação de proposições relacionadas à Reforma Tributária","REFORMA TRIBUTÁRIA","3","Comissão Especial"
"537741","https://dadosabertos.camara.leg.br/api/v2/orgaos/537741","PL808514","Comissão Especial destinada a proferir parecer ao Projeto de Lei nº 8085, de 2014, do Senado Federal, que ""altera a Lei nº 9.503, de 23 de setembro de 1997, que institui o Código de Trânsito Brasileiro, para instituir a obrigatoriedade da prática de direção veicular em vias públicas para fins de formação de condutores""","PL 8085/14 - ALTERAÇÃO DO CÓDIGO DE TRÂNSITO","3","Comissão Especial"
"537742","https://dadosabertos.camara.leg.br/api/v2/orgaos/537742","CETECSAU","Comissão Especial destinada a estudar o processo de inovação e incorporação tecnológica no complexo produtivo da saúde, no Brasil e no mundo","CESP - INOVAÇÃO TECNOLÓGICA DA SAÚDE","3","Comissão Especial"
"537743","https://dadosabertos.camara.leg.br/api/v2/orgaos/537743","PL101311","Comissão Especial destinada a proferir parecer ao Projeto de Lei nº 1013, de 2011, do Sr. Aureo, que ""dispõe sobre a fabricação e venda, em território nacional, de veículos utilitários movidos a óleo diesel, e dá outras providências"", e apensado","PL 1013/11 - MOTORES A DIESEL PARA VEÍCULOS LEVES","3","Comissão Especial"
"537744","https://dadosabertos.camara.leg.br/api/v2/orgaos/537744","PLP13715","Comissão Especial destinada a proferir parecer ao Projeto de Lei Complementar nº 137, de 2015, do Senado Federal, que ""dispõe sobre o procedimento para a criação, a incorporação, a fusão e o desmembramento de Municípios, nos termos do § 4º do art. 18 da Constituição Federal, altera a Lei nº 5.172, de 25 de outubro de 1966, e dá outras providências""","PLP 137/15 - CRIAÇÃO DE MUNICÍPIOS","3","Comissão Especial"
"537745","https://dadosabertos.camara.leg.br/api/v2/orgaos/537745","PL979618","Comissão Especial destinada a proferir parecer ao Projeto de Lei nº 9796, de 2018, do Senado Federal, que ""institui o Plano Nacional de Enfrentamento ao Homicídio de Jovens"" e apensados","PL 9796/18 - ENFRENTAMENTO AO HOMICÍDIO DE JOVENS","3","Comissão Especial"
"537749","https://dadosabertos.camara.leg.br/api/v2/orgaos/537749","SUBGOMET","Subcomissão Permanente de Governança Metropolitana","CDU-SUB PERM GOVERNANÇA METROPOLITANA","25","Subcomissão"
"537750","https://dadosabertos.camara.leg.br/api/v2/orgaos/537750","CEESPORT","Comissão Especial destinada a estudar e apresentar propostas de reformulação da Lei Pelé (Lei nº 9.615, de 1998), do Estatuto de Defesa do Torcedor (Lei nº 10.671, de 2003) e das demais legislações aplicadas ao futebol e ao esporte","REFORMULAÇÃO DA LEGISLAÇÃO DO ESPORTE","3","Comissão Especial"
"537756","https://dadosabertos.camara.leg.br/api/v2/orgaos/537756","CETRANSP","Comissão Especial do Marco Regulatório de Transporte Rodoviário de Cargas","MARCO REGULATÓRIO TRANSPORTE RODOVIÁRIO DE CARGAS","3","Comissão Especial"
"537763","https://dadosabertos.camara.leg.br/api/v2/orgaos/537763","PEC08015","Comissão Especial destinada a proferir parecer à Proposta de Emenda à Constituição nº 80-A, de 2015, do Sr. Valtenir Pereira e outros, que ""acrescenta o artigo 132-A à Constituição da República, e os parágrafos 1º, 2º e 3º ao artigo 69 do Ato das Disposições Constitucionais Transitórias, estabelecendo as procuradorias autárquicas e fundacionais e regulando a transição das atividades de assistência, assessoramento e consultoria jurídica para o sistema orgânico das Procuradorias Gerais dos Estados, Distrito Federal e Municípios""","PEC 080/15 - PROCURADORIAS DE ESTADOS E MUNICÍPIOS","3","Comissão Especial"
"537765","https://dadosabertos.camara.leg.br/api/v2/orgaos/537765","CEUNIFI","Comissão Especial destinada a estudar e apresentar propostas de unificação das polícias civis e militares","UNIFICAÇÃO DAS POLÍCIAS CIVIL E MILITAR","3","Comissão Especial"
"537772","https://dadosabertos.camara.leg.br/api/v2/orgaos/537772","SUBDIPUB","Subcomissão Permanente da Dívida Pública Brasileira","CFT-SUBCOMISSÃO PERM DÍVIDA PÚBLICA BRASILEIRA","25","Subcomissão"
"537784","https://dadosabertos.camara.leg.br/api/v2/orgaos/537784","CEXBR101","Comissão Externa destinada a fazer o acompanhamento ""in loco"" e fiscalizar os planos de trabalho, obras realizadas, intervenções futuras, investimentos, obrigações e direitos adquiridos pela Concessionária ECO 101 que administra o trecho da BR 101 que corta o Estado do Espírito Santo","FISCALIZAÇÃO DA CONCESSIONÁRIA ECO 101 - BR 101/ES","5","Comissão Externa"
"537794","https://dadosabertos.camara.leg.br/api/v2/orgaos/537794","CEXTRANE","Comissão Externa com o objetivo de acompanhar in loco a situação em que se encontram as obras que compõem o projeto de construção da ferrovia Nova Transnordestina e quais as providências que foram e/ou serão adotadas para regularizar a execução do projeto, tendo em vista as irregularidades e as responsabilidades apuradas em auditoria realizada pelo TCU","CONSTRUÇÃO DA FERROVIA NOVA TRANSNORDESTINA","5","Comissão Externa"
"537796","https://dadosabertos.camara.leg.br/api/v2/orgaos/537796","CEXBARRA","Comissão Externa destinada a acompanhar e monitorar os desdobramentos do desastre ambiental, ocorrido em Mariana - MG e região no dia 05 de novembro de 2015, causado pelo rompimento de uma barragem","ROMPIMENTO DE BARRAGEM NA REGIÃO DE MARIANA - MG","5","Comissão Externa"
"537797","https://dadosabertos.camara.leg.br/api/v2/orgaos/537797","PEC51810","Comissão Especial destinada a proferir parecer à Proposta de Emenda à Constituição nº 518-A, de 2010, do Sr. Pompeo de Mattos e outros, que ""dá nova redação ao caput do art. 19 do Ato das Disposições Constitucionais Transitórias e revoga o § 2º do dispositivo"" (concede estabilidade aos servidores públicos, admitidos sob o regime celetista, em exercício na data de vigência do Regime Jurídico Único)","PEC 518/10 - ESTABILIDADE PARA SERVIDOR CELETISTA","3","Comissão Especial"
"537799","https://dadosabertos.camara.leg.br/api/v2/orgaos/537799","PEC04415","Comissão Especial destinada a proferir parecer à Proposta de Emenda à Constituição nº 44-A, de 2015, do Sr. Cabo Sabino e outros, que ""acrescenta um § 3º ao caput do art. 42, da Constituição Federal, definindo a carga horária de trabalho diária e semanal dos policiais e bombeiros militares""","PEC 044/15 - CARGA HORÁRIA DE POLICIAL E BOMBEIRO","3","Comissão Especial"
"537802","https://dadosabertos.camara.leg.br/api/v2/orgaos/537802","PL363615","Comissão Especial destinada a proferir parecer ao Projeto de Lei nº 3636, de 2015, do Senado Federal, que ""altera a Lei nº 12.846, de 1º de agosto de 2013, e a Lei nº 8.429, de 2 de junho de 1992, para permitir que o Ministério Público e a Advocacia Pública celebrem acordo de leniência, de forma isolada ou em conjunto, no âmbito da Lei nº 12.846, de 1º de agosto de 2013, e dá outras providências""","PL 3636/15 - ACORDO DE LENIÊNCIA","3","Comissão Especial"
"537804","https://dadosabertos.camara.leg.br/api/v2/orgaos/537804","PL629902","Comissão Especial destinada a proferir parecer ao Projeto de Lei nº 6299, de 2002, do Senado Federal, que ""altera os arts 3º e 9º da Lei nº 7.802, de 11 de julho de 1989, que dispõe sobre a pesquisa, a experimentação, a produção, a embalagem e rotulagem, o transporte, o armazenamento, a comercialização, a propaganda comercial, a utilização, a importação, a exportação, o destino final dos resíduos e embalagens, o registro, a classificação, o controle, a inspeção e a fiscalização de agrotóxicos, seus componentes e afins, e dá outras providências"", e apensados","PL 6299/02 - REGULA DEFENSIVOS FITOSSANITÁRIOS","3","Comissão Especial"
"537810","https://dadosabertos.camara.leg.br/api/v2/orgaos/537810","PL230315","Comissão Especial destinada a proferir parecer ao Projeto de Lei nº 2303, de 2015, do Sr. Aureo, que ""dispõe sobre a inclusão das moedas virtuais e programas de milhagem aéreas na definição de 'arranjos de pagamento' sob a supervisão do Banco Central"" (altera a Lei nº 12.865, de 2013 e da Lei 9.613, de 1998)","PL 2303/15 - BANCO CENTRAL REGULAR MOEDAS VIRTUAIS","3","Comissão Especial"
"537845","https://dadosabertos.camara.leg.br/api/v2/orgaos/537845","CEXZIKA","Comissão Externa destinada a acompanhar as ações referentes à epidemia de Zika vírus e à microcefalia","ACOMPANHAMENTO DAS AÇÕES SOBRE O ZIKA VÍRUS","5","Comissão Externa"
"537853","https://dadosabertos.camara.leg.br/api/v2/orgaos/537853","CEPREVI","Comissão Especial destinada a elaborar propostas legislativas visando à reforma da Previdência Social","PREVIDÊNCIA SOCIAL","3","Comissão Especial"
"537854","https://dadosabertos.camara.leg.br/api/v2/orgaos/537854","CEXOBRAS","Comissão Externa para acompanhar as obras do Governo Federal lastreadas com recursos do Orçamento Geral da União em andamento no país","OBRAS DO GOVERNO FEDERAL","5","Comissão Externa"
"537857","https://dadosabertos.camara.leg.br/api/v2/orgaos/537857","PL198315","Comissão Especial destinada a proferir parecer ao Projeto de Lei nº 1983, de 2015, do Sr. Hildo Rocha, que ""altera o art. 28 da Lei nº 8.935, de 18 de novembro de 1994, que 'regulamenta o art. 236 da Constituição Federal, dispondo sobre serviços notariais e de registro (Lei dos cartórios)', para estabelecer que os notários e oficiais de registro serão remunerados por subsídio, em até ao valor idêntico recebido pelos Ministros do Supremo Tribunal Federal, e que a soma dos emolumentos arrecadados pelas serventias que superar as respectivas despesas com pessoal e com custeio em geral será destinada à saúde pública""","PL 1983/15 - TETO REMUNERATÓRIO PARA CARTÓRIOS","3","Comissão Especial"
"537859","https://dadosabertos.camara.leg.br/api/v2/orgaos/537859","CEPAZ","Comissão Especial destinada a elaborar propostas legislativas e a promover a Cultura da Paz","CESP - CULTURA DA PAZ","3","Comissão Especial"
"537861","https://dadosabertos.camara.leg.br/api/v2/orgaos/537861","CEXVOOS","Comissão Externa destinada a levantar, acompanhar e fiscalizar o cancelamento de voos nas cidades da Região Norte, devido a prejuízos econômicos sofridos pelas companhias aéreas","CANCELAMENTO DE VOOS NA REGIÃO NORTE DO BRASIL","5","Comissão Externa"
"537862","https://dadosabertos.camara.leg.br/api/v2/orgaos/537862","PL486016","Comissão Especial destinada a proferir parecer ao Projeto de Lei nº 4860, de 2016, da Sra. Christiane de Souza Yared, que ""institui normas para regulação do transporte rodoviário de cargas em território nacional e dá outras providências""","PL 4860/16 - TRANSPORTE RODOVIÁRIO DE CARGAS","3","Comissão Especial"
"537865","https://dadosabertos.camara.leg.br/api/v2/orgaos/537865","PL485016","Comissão Especial destinada a proferir parecer ao Projeto de Lei nº 4850, de 2016, do Sr. Antonio Carlos Mendes Thame e outros, que ""estabelece medidas contra a corrupção e demais crimes contra o patrimônio público e combate o enriquecimento ilícito de agentes públicos""","PL 4850/16 - ESTABELECE MEDIDAS CONTRA A CORRUPÇÃO","3","Comissão Especial"
"537870","https://dadosabertos.camara.leg.br/api/v2/orgaos/537870","CMULHER","Comissão de Defesa dos Direitos da Mulher","DEFESA DOS DIREITOS DA MULHER","2","Comissão Permanente"
"537871","https://dadosabertos.camara.leg.br/api/v2/orgaos/537871","CIDOSO","Comissão de Defesa dos Direitos da Pessoa Idosa","DEFESA DOS DIREITOS DA PESSOA IDOSA","2","Comissão Permanente"
"537874","https://dadosabertos.camara.leg.br/api/v2/orgaos/537874","PL718014","Comissão Especial destinada a proferir parecer ao Projeto de Lei nº 7180, de 2014, do Sr. Erivelton Santana, que ""altera o art. 3º da Lei nº 9.394, de 20 de dezembro de 1996"" (inclui entre os princípios do ensino o respeito às convicções do aluno, de seus pais ou responsáveis, dando precedência aos valores de ordem familiar sobre a educação escolar nos aspectos relacionados à educação moral, sexual e religiosa), e apensados","PL 7180/14 - ESCOLA SEM PARTIDO","3","Comissão Especial"
"537877","https://dadosabertos.camara.leg.br/api/v2/orgaos/537877","SUBSANAM","Subcomissão Permanente de Saneamento Ambiental - SANEAR","CDU-SUBCOMISSÃO PERMANENTE DE SANEAMENTO AMBIENTAL","25","Subcomissão"
"537884","https://dadosabertos.camara.leg.br/api/v2/orgaos/537884","SUBFARMA","Subcomissão Especial destinada a tratar de temas relacionados ao uso de fármacos experimentais para o tratamento de doenças graves ou raras","CSSF-SUB. ESPECIAL USO FÁRMACOS EXPERIMENTAIS","25","Subcomissão"
"537890","https://dadosabertos.camara.leg.br/api/v2/orgaos/537890","SUBDSEI","Subcomissão Permanente para discutir e acompanhar a aplicação e alocação dos recursos federais nos Distritos Sanitários Especiais Indígenas (DSEIs) de todo território nacional","CINDRA-SUB. PERM. APLICAÇÃO RECURSOS NOS DSEI","25","Subcomissão"
"537893","https://dadosabertos.camara.leg.br/api/v2/orgaos/537893","CEXCREST","Comissão Externa destinada a acompanhar a apuração e as ações vinculadas aos crimes de estupro em todo o território nacional","ACOMPANHAMENTO APURAÇÃO CRIMES DE ESTUPRO","5","Comissão Externa"
"537894","https://dadosabertos.camara.leg.br/api/v2/orgaos/537894","PEC13415","Comissão Especial destinada a proferir parecer à Proposta de Emenda à Constituição nº 134-A, de 2015, do Senado Federal, que ""acrescenta art. 101 ao Ato das Disposições Constitucionais Transitórias para reservar vagas para cada gênero na Câmara dos Deputados, nas Assembleias Legislativas, na Câmara Legislativa do Distrito Federal e nas Câmaras Municipais, nas 3 (três) legislaturas subsequentes"", e apensadas","PEC 134/15 - PARTICIPAÇÃO FEMININA NO LEGISLATIVO","3","Comissão Especial"
"537896","https://dadosabertos.camara.leg.br/api/v2/orgaos/537896","PEC21216","Comissão Especial destinada a proferir parecer à Proposta de Emenda à Constituição nº 212-A, de 2016, do Senado Federal, que ""acrescenta art. 101 ao Ato das Disposições Constitucionais Transitórias para instituir novo regime especial de pagamento de precatórios""","PEC 212/16 - REGIME ESPECIAL PAGAMENTO PRECATÓRIOS","3","Comissão Especial"
"537900","https://dadosabertos.camara.leg.br/api/v2/orgaos/537900","SUBMMA","Subcomissão Especial das Artes Marciais Mistas (MMA)","CESPO-SUBCOMISSÃO ESPECIAL ARTES MARCIAIS MISTAS","25","Subcomissão"
"537901","https://dadosabertos.camara.leg.br/api/v2/orgaos/537901","PEC20016","Comissão Especial destinada a proferir parecer à Proposta de Emenda à Constituição nº 200-A, de 2016, do Senado Federal, que ""acrescenta § 1º-A ao art. 156 da Constituição Federal para prever a não incidência sobre templos de qualquer culto do Imposto sobre a Propriedade Predial e Territorial Urbana (IPTU), ainda que as entidades abrangidas pela imunidade tributária sejam apenas locatárias do bem imóvel"".","PEC 200/16 - ISENÇÃO DE IPTU PARA TEMPLOS","3","Comissão Especial"
"537910","https://dadosabertos.camara.leg.br/api/v2/orgaos/537910","CEXBACAB","Comissão Externa destinada a acompanhar as ações e os debates relativos aos deslizamentos e ao processo de erosão na Barreira do Cabo Branco, em João Pessoa (PB), com vistas à recuperação e ao reflorestamento da região","BARREIRA DO CABO BRANCO","5","Comissão Externa"
"537917","https://dadosabertos.camara.leg.br/api/v2/orgaos/537917","PL586416","Comissão Especial destinada a proferir parecer ao Projeto de Lei nº 5864, de 2016, do Poder Executivo, que ""dispõe sobre a Carreira Tributária e Aduaneira da Receita Federal do Brasil, institui o Programa de Remuneração Variável da Receita Federal do Brasil e dá outras providências""","PL 5864/16 - CARREIRA DA RECEITA FEDERAL","3","Comissão Especial"
"537922","https://dadosabertos.camara.leg.br/api/v2/orgaos/537922","PL406012","Comissão Especial destinada a proferir parecer ao Projeto de Lei nº 4060, de 2012, do Dep. Milton Monti, que ""dispõe sobre o tratamento de dados pessoais e dá outras providências"", e apensado","PL 4060/12 - TRATAMENTO E PROTEÇÃO DADOS PESSOAIS","3","Comissão Especial"
"537923","https://dadosabertos.camara.leg.br/api/v2/orgaos/537923","SUBPROFE","SUBPROFE - Subcomissão Permanente de Acompanhamento e Fiscalização de Programas Federais","CFFC - SUB. PERM. FISCALIZAÇÃO PROGRAMAS FEDERAIS","25","Subcomissão"
"537927","https://dadosabertos.camara.leg.br/api/v2/orgaos/537927","PL741906","Comissão Especial destinada a proferir parecer ao Projeto de Lei nº 7419, de 2006, do Senado Federal, que ""altera a Lei nº 9.656, de 3 de junho de 1998, que dispõe sobre os planos e seguros privados de assistência à saúde"", e apensados","PL 7419/06 - PLANOS DE SAÚDE","3","Comissão Especial"
"537939","https://dadosabertos.camara.leg.br/api/v2/orgaos/537939","CEPOLITI","Comissão Especial para análise, estudo e formulação de proposições relacionadas à Reforma Política","CESP - REFORMA POLÍTICA","3","Comissão Especial"
"537942","https://dadosabertos.camara.leg.br/api/v2/orgaos/537942","CEXTUBAR","Comissão Externa objetivando acompanhar a situação de Emergência do Município de Tubarão/SC, Região Sul e outros municípios do Estado","SITUAÇÃO DE EMERGÊNCIA DO MUNICÍPIO DE TUBARÃO/SC","5","Comissão Externa"
"537945","https://dadosabertos.camara.leg.br/api/v2/orgaos/537945","CEXCAMPI","Comissão Externa, com ônus para a Câmara dos Deputados, destinada a acompanhar a situação hídrica de Campina Grande/PB e dos municípios de seu entorno","CRISE HÍDRICA DE CAMPINA GRANDE","5","Comissão Externa"
"537948","https://dadosabertos.camara.leg.br/api/v2/orgaos/537948","PEC30417","Comissão Especial destinada a proferir parecer à Proposta de Emenda à Constituição nº 304-A, de 2017, do Senado Federal, que ""acrescenta § 7° ao art. 225 da Constituição Federal para determinar que práticas desportivas que utilizem animais não são consideradas cruéis, nas condições que especifica "", e apensada","PEC 304/17 - RODEIOS E VAQUEJADAS","3","Comissão Especial"
"537953","https://dadosabertos.camara.leg.br/api/v2/orgaos/537953","CEXFISC","Comissão Externa, sem ônus para a Câmara dos Deputados, destinada a acompanhar a crise fiscal instalada no Estado do Rio de Janeiro","CRISE FISCAL NO ESTADO DO RIO DE JANEIRO","5","Comissão Externa"
"537954","https://dadosabertos.camara.leg.br/api/v2/orgaos/537954","CEECON","Comissão Especial do Marco Regulatório da Economia Colaborativa","CESP - MARCO REGULATÓRIO DA ECONOMIA COLABORATIVA","3","Comissão Especial"
"537955","https://dadosabertos.camara.leg.br/api/v2/orgaos/537955","CEXDROG","Comissão Externa destinada a avaliar a situação de consumo de drogas entre os jovens no Brasil e propor medidas para o seu enfrentamento","CONSUMO DE DROGAS ENTRE OS JOVENS NO BRASIL","5","Comissão Externa"
"537963","https://dadosabertos.camara.leg.br/api/v2/orgaos/537963","CEXAGENT","Comissão Externa destinada a avaliar o crescente número de agentes de Segurança Pública mortos em serviço","AGENTES DE SEGURANÇA PÚBLICA MORTOS EM SERVIÇO","5","Comissão Externa"
"537964","https://dadosabertos.camara.leg.br/api/v2/orgaos/537964","CEXENER","Comissão Externa com a finalidade de conhecer o Projeto da Associação e Cooperativa de Energia Renováveis, RevoluSolar, no morro da Babilônia, Rio de Janeiro (RJ)","PROJETO REVOLUSOLAR DE ENERGIA RENOVÁVEL (RJ)","5","Comissão Externa"
"537967","https://dadosabertos.camara.leg.br/api/v2/orgaos/537967","CEXAUXRJ","Comissão Externa destinada a acompanhar ""in loco"" as medidas de prevenção de desastres e auxílio às vítimas de enchentes, adotadas pelo Estado do Rio de Janeiro.","PREVENÇÃO DE DESASTRES E AUXÍLIO ÀS VÍTIMAS NO RJ","5","Comissão Externa"
"537972","https://dadosabertos.camara.leg.br/api/v2/orgaos/537972","CEXHIDCE","Comissão Externa com a finalidade de acompanhar a situação hídrica dos Municípios do Estado do Ceará, com foco nas obras emergenciais e estruturantes","SITUAÇÃO HÍDRICA DOS MUNICÍPIOS DO ESTADO DO CEARÁ","5","Comissão Externa"
"537974","https://dadosabertos.camara.leg.br/api/v2/orgaos/537974","PL662116","Comissão Especial destinada a proferir parecer ao Projeto de Lei nº 6621, de 2016, do Senado Federal, que ""dispõe sobre a gestão, a organização, o processo decisório e o controle social das agências reguladoras, altera a Lei nº 9.427, de 26 de dezembro de 1996, a Lei nº 9.472, de 16 de julho de 1997, a Lei nº 9.478, de 6 de agosto de 1997, a Lei nº 9.782, de 26 de janeiro de 1999, a Lei nº 9.961, de 28 de janeiro de 2000, a Lei nº 9.984, de 17 de julho de 2000, a Lei nº 9.986, de 18 de julho de 2000, a Lei nº 10.233, de 5 de junho de 2001, a Medida Provisória nº 2.228-1, de 6 de setembro de 2001, a Lei nº 11.182, de 27 de setembro de 2005, e a Lei nº 10.180, de 6 de fevereiro de 2001, e dá outras providências""","PL 6621/16 - AGÊNCIAS REGULADORAS","3","Comissão Especial"
"537976","https://dadosabertos.camara.leg.br/api/v2/orgaos/537976","PLP22198","Comissão Especial destinada a proferir parecer ao Projeto de Lei Complementar nº 221, de 1998, do Sr. Germano Rigotto, que ""dá nova redação ao inciso VIII do artigo 3º da Lei Complementar nº 87 de 1996 e insere o § 7º ao artigo 20 e o § 9º ao artigo 21 da mesma Lei Complementar"" (altera a Lei Kandir), e apensados","PLP 221/98 - ALTERA A LEI KANDIR","3","Comissão Especial"
"537977","https://dadosabertos.camara.leg.br/api/v2/orgaos/537977","PEC28716","Comissão Especial destinada a proferir parecer à Proposta de Emenda à Constituição nº 287-A, de 2016, do Poder Executivo, que ""altera os arts. 37, 40, 42, 149, 167, 195, 201 e 203 da Constituição, para dispor sobre a seguridade social, estabelece regras de transição e dá outras providências""","PEC 287/16 - REFORMA DA PREVIDÊNCIA","3","Comissão Especial"
"537991","https://dadosabertos.camara.leg.br/api/v2/orgaos/537991","PL678716","Comissão Especial destinada a proferir parecer ao Projeto de Lei nº 6787, de 2016, do Poder Executivo, que ""altera o Decreto-Lei nº 5.452, de 1º de maio de 1943 - Consolidação das Leis do Trabalho, e a Lei nº 6.019, de 3 de janeiro de 1974, para dispor sobre eleições de representantes dos trabalhadores no local de trabalho e sobre trabalho temporário, e dá outras providências""","PL 6787/16 - REFORMA TRABALHISTA","3","Comissão Especial"
"537995","https://dadosabertos.camara.leg.br/api/v2/orgaos/537995","CEXDESAP","Comissão Externa destinada a acompanhar os trabalhos de investigação do desaparecimento de dezenove brasileiros, durante a travessia das Bahamas, para entrar nos Estados Unidos","DESAPARECIMENTO DEZENOVE BRASILEIROS NAS BAHAMAS","5","Comissão Externa"
"537996","https://dadosabertos.camara.leg.br/api/v2/orgaos/537996","PL129295","Comissão Especial destinada a proferir parecer ao Projeto de Lei nº 1292, de 1995, do Senado Federal, que ""altera a lei nº 8.666, de 21 de junho de 1993, que regulamenta o art. 37, inciso XXI, da Constituição Federal, institui normas para licitações e contratos da Administração Pública e dá outras providências"", e apensados","PL 1292/95 - LICITAÇÕES","3","Comissão Especial"
"537998","https://dadosabertos.camara.leg.br/api/v2/orgaos/537998","CEPENITE","Comissão Especial destinada a propor medidas para a modernização e reestruturação do Sistema Penitenciário","CESP - SISTEMA PENITENCIÁRIO","3","Comissão Especial"
"538000","https://dadosabertos.camara.leg.br/api/v2/orgaos/538000","CMPLF","Comissão mista destinada à consolidação da legislação federal, à regulamentação dos dispositivos da Constituição Federal, a modernização e o fortalecimento econômico e social do País.","REGULAMENTAÇÃO/CONSOLIDAÇÃO DA LEGISLAÇÃO FEDERAL","6","Comissão Mista Permanente"
"538002","https://dadosabertos.camara.leg.br/api/v2/orgaos/538002","PEC28216","Comissão Especial destinada a proferir parecer à Proposta de Emenda à Constituição nº 282-A, de 2016, do Senado Federal, que ""altera a Constituição Federal para vedar as coligações nas eleições proporcionais, disciplinar a autonomia dos partidos políticos e estabelecer normas sobre fidelidade partidária e funcionamento parlamentar dos partidos políticos; e estabelece normas de transição"", e apensadas","PEC 282/16 - VEDA COLIGAÇÃO PARTIDÁRIA EM ELEIÇÕES","3","Comissão Especial"
"538008","https://dadosabertos.camara.leg.br/api/v2/orgaos/538008","PEC07703","Comissão Especial destinada a proferir parecer à Proposta de Emenda à Constituição nº 77-A, de 2003, do Sr. Marcelo Castro e outros, que ""suprime o § 5º do art. 14 e dá nova redação ao § 1º do art. 27, ao caput do art. 28, ao inciso I do art. 29, ao parágrafo único do art. 44, aos §§ 1º e 2º do art. 46 e ao caput do art. 82, para pôr fim à reeleição majoritária, determinar a simultaneidade das eleições e a duração de cinco anos dos mandatos para os cargos eletivos, nos níveis federal, estadual e municipal, nos Poderes Executivo e Legislativo"" (fixa em cinco anos o mandato dos Deputados, Vereadores, Prefeitos, Vice-Prefeitos, Governadores, Presidente da República, e em dez anos para Senadores, objetiva a coincidência das eleições)","PEC 077/03 - TEMPO E COINCIDÊNCIA DE MANDATOS","3","Comissão Especial"
"538012","https://dadosabertos.camara.leg.br/api/v2/orgaos/538012","PLP42014","Comissão Especial destinada a proferir parecer ao Projeto de Lei Complementar nº 420, de 2014, do Sr. Pedro Eugênio, que ""altera a Lei Complementar nº 123 de 14 de dezembro de 2006, de forma garantir o crédito correspondente da substituição tributária que grave o Microempreendedor Individual - MEI ou o contribuinte optante do Simples Nacional"", e apensados","PLP 420/14 - TRIBUTAÇÃO MICRO E PEQUENAS EMPRESAS","3","Comissão Especial"
"538013","https://dadosabertos.camara.leg.br/api/v2/orgaos/538013","CEXPRAI","Comissão Externa destinada a acompanhar os desdobramentos sobre a desocupação da orla da Praia do Futuro, em Fortaleza, Estado do Ceará","DESOCUPAÇÃO DA ORLA DA PRAIA DO FUTURO / CE","5","Comissão Externa"
"538017","https://dadosabertos.camara.leg.br/api/v2/orgaos/538017","CEXDNIT","Comissão Externa destinada a fazer levantamento in loco bem como acompanhar e fiscalizar os fatos relativos à retomada pelo Departamento Nacional de Infraestrutura de Transportes - Dnit da responsabilidade pela execução da obra viária do Contorno do Mestre Álvaro, na Serra, Grande Vitória, ES.","OBRA VIÁRIA DO CONTORNO DO MESTRE ÁLVARO / ES","5","Comissão Externa"
"538020","https://dadosabertos.camara.leg.br/api/v2/orgaos/538020","PEC30617","Comissão Especial destinada a proferir parecer à Proposta de Emenda à Constituição nº 306-A, de 2017, do Sr. Hildo Rocha e outros, que ""altera a redação do § 3º do art. 12 da Constituição Federal de 1988, para inserir no rol de cargos privativos de brasileiros natos o de Senador da República, de Governador e Vice-Governador e de Ministro das Relações Exteriores""","PEC 306/17 - SENADOR/GOVERNADOR BRASILEIRO NATO","3","Comissão Especial"
"538022","https://dadosabertos.camara.leg.br/api/v2/orgaos/538022","SUBENDEM","Subcomissão especial destinada a analisar a incidência e as políticas públicas de enfrentamento das doença endêmicas no Brasil","CSSF-SUBCOMISSÃO ENFRENTAMENTO DOENÇAS ENDÊMICAS","25","Subcomissão"
"538023","https://dadosabertos.camara.leg.br/api/v2/orgaos/538023","SUBVULNE","Subcomissão especial destinada a avaliar e acompanhar as políticas de assistência social e saúde das populações vulneráveis do País","CSSF-SUBCOMISSÃO ASSISTÊNCIA POPULAÇÃO VULNERÁVEL","25","Subcomissão"
"538028","https://dadosabertos.camara.leg.br/api/v2/orgaos/538028","SUBBNCC","Subcomissão Permanente Destinada a Acompanhar a Consolidação do Texto da Base Nacional Comum Curricular (BNCC) e a Reformulação do Ensino Médio no País","CE-SUBCOMISSÃO PERM. BNCC E REFORM. ENSINO MÉDIO","25","Subcomissão"
"538029","https://dadosabertos.camara.leg.br/api/v2/orgaos/538029","SUBCAMPI","Subcomissão Especial para Tratar da Situação dos Câmpus Fora das Sedes das Universidades Federais e dos Institutos Federais","CE-SUBCOMISSÃO CAMPUS FORA SEDES UNIVERSITÁRIAS","25","Subcomissão"
"538030","https://dadosabertos.camara.leg.br/api/v2/orgaos/538030","SUBFIES","Subcomissão Especial de Apuração e Análise das Informações sobre a Inadimplência no Fundo de Financiamento Estudantil (FIES) e Monitoramento dos Programas FIES, PROUNI e PROIES","CE-SUBCOMISSÃO INADIMPLÊNCIA FINANC. ESTUDANTIL","25","Subcomissão"
"538031","https://dadosabertos.camara.leg.br/api/v2/orgaos/538031","SUBINFAN","Subcomissão Permanente para Acompanhar as Políticas Públicas Relacionadas à Primeira Infância na Área Educacional","CE-SUBCOMISSÃO PERM. POL. PÚB. PRIMEIRA INFÂNCIA","25","Subcomissão"
"538034","https://dadosabertos.camara.leg.br/api/v2/orgaos/538034","PARLA17","Comissão Executiva encarregada da realização da XIV Sessão do Parlamento Jovem Brasileiro.","PARLAMENTO JOVEM BRASILEIRO","3","Comissão Especial"
"538035","https://dadosabertos.camara.leg.br/api/v2/orgaos/538035","PL760617","Comissão Especial destinada a proferir parecer ao Projeto de Lei nº 7606, de 2017, do Senado Federal que ""cria o Programa de Financiamento Preferencial às Instituições Filantrópicas e Sem Fins Lucrativos (Pró-Santas Casas) para atender instituições filantrópicas e sem fins lucrativos que participam de forma complementar do Sistema Único de Saúde (SUS)"", e apensados","PL 7606/17 - LINHAS DE CRÉDITO ÀS SANTAS CASAS","3","Comissão Especial"
"538036","https://dadosabertos.camara.leg.br/api/v2/orgaos/538036","CEXHIDMG","Comissão Externa destinada a acompanhar a situação hídrica dos municípios no Estado de Minas Gerais","SITUAÇÃO HÍDRICA DOS MUNICÍPIOS DE MINAS GERAIS","5","Comissão Externa"
"538038","https://dadosabertos.camara.leg.br/api/v2/orgaos/538038","CEXCHUV","Comissão Externa, com ônus para a Câmara dos Deputados, destinada a acompanhar in loco a situação das comunidades afetadas pelas chuvas e temporais em Alagoas e Pernambuco","CHUVAS EM ALAGOAS E PERNAMBUCO","5","Comissão Externa"
"538039","https://dadosabertos.camara.leg.br/api/v2/orgaos/538039","CEXRURAL","Comissão Externa destinada a apurar a chacina que vitimou dez trabalhadores rurais no município de Pau D'Arco, no Estado do Pará","CHACINA DE TRABALHADORES RURAIS NO ESTADO DO PARÁ","5","Comissão Externa"
"538048","https://dadosabertos.camara.leg.br/api/v2/orgaos/538048","CEXHOSPI","Comissão Externa, sem ônus para a Câmara dos Deputados, destinada a acompanhar a situação das emergências dos hospitais federais no Rio de Janeiro","SITUAÇÃO DAS EMERGÊNCIAS DOS HOSPITAIS FEDERAIS/RJ","5","Comissão Externa"
"538050","https://dadosabertos.camara.leg.br/api/v2/orgaos/538050","REP-0717","Eleição da Comissão Representativa do Congresso Nacional prevista no § 4º do art. 58 da Constituição Federal (período de 18 a 31 de julho de 2017)","COMISSÃO REPRESENTATIVA DO CONGRESSO NACIONAL","8","Comissão Representativa do CN"
"538051","https://dadosabertos.camara.leg.br/api/v2/orgaos/538051","CEINDEP","Comissão Especial Curadora destinada a elaborar e viabilizar a execução das comemorações em torno do tema “A Câmara dos Deputados e os 200 anos da Independência do Brasil”","CESP COMEMORAÇÕES DOS 200 ANOS DA INDEPENDÊNCIA","3","Comissão Especial"
"538052","https://dadosabertos.camara.leg.br/api/v2/orgaos/538052","PL313915","Comissão Especial destinada a proferir parecer ao Projeto de Lei nº 3139, de 2015, do Sr. Lucas Vergilio, que ""altera a redação do caput do art. 24, acrescido dos §§ 1º, 2º, 3º, 4º e 5º, e modifica o art. 36, mediante a inserção da alínea ""m"", ambos do Decreto-Lei nº 73, de 21 de novembro de 1966"" (dispõe sobre o Sistema Nacional de Seguros Privados, regula as operações de seguros e resseguros)","PL 3139/15 - SEGUROS PRIVADOS","3","Comissão Especial"
"538054","https://dadosabertos.camara.leg.br/api/v2/orgaos/538054","PEC30217","Comissão Especial destinada a proferir parecer à Proposta de Emenda à Constituição nº 302-A, de 2017, do Sr. Moses Rodrigues e outros, que ""altera o § 1º do art. 31 e o art. 75 da Constituição Federal para estabelecer os Tribunais de Contas como órgãos permanentes e essenciais ao controle externo da administração pública""","PEC 302/17 - VEDA EXTINÇÃO DE TRIBUNAIS DE CONTAS","3","Comissão Especial"
"538067","https://dadosabertos.camara.leg.br/api/v2/orgaos/538067","PL672616","Comissão Especial destinada a proferir parecer ao Projeto de Lei nº 6726, de 2016, do Senado Federal, que ""regulamenta o limite remuneratório de que tratam o inciso XI e os §§ 9º e 11 do art. 37 da Constituição Federal""","PL 6726/16 - TETO REMUNERATÓRIO","3","Comissão Especial"
"538072","https://dadosabertos.camara.leg.br/api/v2/orgaos/538072","CEXCONVE","Comissão Externa destinada a acompanhar a execução orçamentária proveniente dos convênios do Ministério das Cidades nas áreas de habitação, contenção de encostas e saneamento e dos recursos do Ministério do Desenvolvimento Social a serem liberados pelo Programa Nacional de Segurança na área de Assistência Social com o Estado do Rio de Janeiro","EXECUÇÃO ORÇAMENTÁRIA PROVENIENTE DE CONVÊNIOS","5","Comissão Externa"
"538077","https://dadosabertos.camara.leg.br/api/v2/orgaos/538077","CPMIJBS","Investigar, no prazo de até 120 dias, prorrogável por sessenta dias, irregularidades envolvendo a empresa JBS em operações realizadas com o BNDES,ocorridas entre os anos de 2007 e 2016","CPMI - JBS","20","Comissão Parlamentar Mista de Inquérito"
"538083","https://dadosabertos.camara.leg.br/api/v2/orgaos/538083","PL845617","Comissão Especial destinada a proferir parecer ao Projeto de Lei nº 8456, de 2017, do Poder Executivo, que ""altera a Lei nº 12.546, de 14 de dezembro de 2011, quanto à contribuição previdenciária sobre a receita bruta, a Lei nº 8.212, de 24 de julho de 1991, a Lei nº 8.218, de 29 de agosto de 1991, a Lei nº 9.430, de 27 de dezembro de 1996, a Lei nº 10.833, de 29 de dezembro de 2003, e a Lei nº 11.457, de 16 de março de 2007""","PL 8456/17 - ALTERA A CARGA TRIBUTÁRIA","3","Comissão Especial"
"538096","https://dadosabertos.camara.leg.br/api/v2/orgaos/538096","CEXBETIM","Comissão Externa, sem ônus para a Câmara dos Deputados, destinada a verificar a execução das obras e avaliar aplicação dos recursos objeto da cobrança de suposta dívida da Construtora Andrade Gutierrez em desfavor do Município de Betim-MG","COBRANÇA PELA ANDRADE GUTIERREZ EM DESFAVOR BETIM","5","Comissão Externa"
"538106","https://dadosabertos.camara.leg.br/api/v2/orgaos/538106","CEJURIST","Comissão de Juristas responsável pela elaboração de anteprojeto de legislação de medidas investigativas, processuais e de regime de cumprimento de pena em relação a criminalidade organizada relacionada ao tráfico de drogas e armas","COMISSÃO DE JURISTAS - COMBATE AO CRIME ORGANIZADO","10","Grupo de Trabalho"
"538107","https://dadosabertos.camara.leg.br/api/v2/orgaos/538107","GTCONST","Grupo de Trabalho para promoção de ações destinadas a dar maior efetividade aos preceitos da Constituição Federal","GRUPO DE TRABALHO PRECEITOS CONSTITUIÇÃO FEDERAL","10","Grupo de Trabalho"
"538135","https://dadosabertos.camara.leg.br/api/v2/orgaos/538135","PEC33317","Comissão Especial destinada a proferir parecer à Proposta de Emenda à Constituição nº 333-A, de 2017, do Senado Federal, que ""altera os arts. 5º, 37, 96, 102, 105, 108 e 125 da Constituição Federal para extinguir o foro especial por prerrogativa de função no caso dos crimes comuns, e revoga o inciso X do art. 29 e o § 1º do art. 53 da Constituição Federal"", e apensadas","PEC 333/17 - EXTINGUIR O FORO ESPECIAL","3","Comissão Especial"
"538146","https://dadosabertos.camara.leg.br/api/v2/orgaos/538146","CEXAGRIC","Comissão Externa destinada a verificar as causas do endividamento do setor agrícola, o elevado custo dos seus financiamentos, a bitributação previdenciária incidente sobre a folha de pagamento dos funcionários e as condições de importação de alimentos","ENDIVIDAMENTO DO SETOR AGRÍCOLA","5","Comissão Externa"
"538147","https://dadosabertos.camara.leg.br/api/v2/orgaos/538147","PL946318","Comissão Especial destinada a proferir parecer ao Projeto de Lei nº 9463, de 2018, do Poder Executivo, que ""dispõe sobre a desestatização das Centrais Elétricas Brasileiras S.A. - Eletrobras e altera a Lei nº 10.438, de 26 de abril de 2002, a Lei nº 9.991, de 24 de julho de 2000, e a Lei nº 5.899, de 5 de julho de 1973"" (revoga dispositivo da Lei nº 3.890-A, de 1961 e da Lei nº 10.848, de 2004)","PL 9463/18 - DESESTATIZAÇÃO DA ELETROBRAS","3","Comissão Especial"
"538153","https://dadosabertos.camara.leg.br/api/v2/orgaos/538153","CEXRR","Comissão Externa destinada a acompanhar o fluxo crescente de imigrantes venezuelanos que vem ocorrendo no estado de Roraima.","COMISSÃO EXTERNA CRISE VENEZUELA","5","Comissão Externa"
"538154","https://dadosabertos.camara.leg.br/api/v2/orgaos/538154","CEXPARA","Comissão externa destinada a averiguar possível rompimento das bacias de rejeitos de mineração no município de Barcarena - PA.","BACIAS DE REJEITOS DE MINERAÇÃO EM BARCARENA/PA","5","Comissão Externa"
"538156","https://dadosabertos.camara.leg.br/api/v2/orgaos/538156","CEXAGUAS","Comissão Externa destinada a acompanhar os trabalhos do Fórum Mundial da Água e do Fórum Alternativo Mundial da Água.","CEX - FÓRUM MUNDIAL DA ÁGUA","5","Comissão Externa"
"538157","https://dadosabertos.camara.leg.br/api/v2/orgaos/538157","GTTRIBUT","Grupo de Trabalho para avaliar e propor mudanças no modelo brasileiro de tributação da renda corporativa","TRIBUTAÇÃO DA RENDA CORPORATIVA","10","Grupo de Trabalho"
"538158","https://dadosabertos.camara.leg.br/api/v2/orgaos/538158","GTDEBEN","Grupo de Trabalho destinado a analisar a situação atual do mercado de debêntures no Brasil e propor estratégias para torná-lo acessível a todos os segmentos do mercado, independentemente do porte da empresa emissora dos títulos","MERCADO DE DEBÊNTURES NO BRASIL","10","Grupo de Trabalho"
"538159","https://dadosabertos.camara.leg.br/api/v2/orgaos/538159","CEJURIMP","Comissão de Juristas responsável pela elaboração de anteprojeto de reforma da Lei de Improbidade Administrativa (Lei n. 8.429, de 2 de junho de 1992)","COMISSÃO DE JURISTAS - IMPROBIDADE ADMINISTRATIVA","10","Grupo de Trabalho"
"538160","https://dadosabertos.camara.leg.br/api/v2/orgaos/538160","CEJURGOV","Comissão de Juristas incumbida de elaborar propostas de aperfeiçoamento da gestão governamental e do sistema de controle da Administração Pública","COMISSÃO DE JURISTAS - GESTÃO GOVERNAMENTAL (TCU)","10","Grupo de Trabalho"
"538161","https://dadosabertos.camara.leg.br/api/v2/orgaos/538161","CEXINTER","Comissão Externa destinada a acompanhar o planejamento, a execução e os desdobramentos da intervenção federal na segurança pública do Estado do Rio de Janeiro","INTERVENÇÃO NA SEGURANÇA PÚBLICA DO RIO DE JANEIRO","5","Comissão Externa"
"538162","https://dadosabertos.camara.leg.br/api/v2/orgaos/538162","PL191715","Comissão Especial destinada a proferir parecer ao Projeto de Lei nº 1917, de 2015, do Sr. Marcelo Squassoni e outros, que ""dispõe sobre a portabilidade da conta de luz, as concessões de geração de energia elétrica e a comercialização de energia elétrica, altera as Leis n. 12.783, de 11 de janeiro de 2013, 10.848, de 15 de março de 2004, 10.847, de 15 de março de 2004, 9.648, de 27 de maio de 1998, 9.478, de 6 de agosto de 1997, 9.427, de 26 de dezembro de 1996, a Medida Provisória n. 2.227, de 4 de setembro de 2001, e dá outras providências""","PL 1917/15 - PORTABILIDADE DA CONTA DE LUZ","3","Comissão Especial"
"538166","https://dadosabertos.camara.leg.br/api/v2/orgaos/538166","GTSEGUR","Grupo de Trabalho destinado a receber propostas de parlamentares sobre segurança pública","GRUPO DE TRABALHO DA SEGURANÇA PÚBLICA","10","Grupo de Trabalho"
"538168","https://dadosabertos.camara.leg.br/api/v2/orgaos/538168","CEXVERIO","Comissão Externa destinada a acompanhar, no Rio de Janeiro, as investigações referentes aos assassinatos da Vereadora Marielle Franco e do Sr. Anderson Pedro Gomes","ASSASSINATO MARIELLE FRANCO E ANDERSON PEDRO GOMES","5","Comissão Externa"
"538175","https://dadosabertos.camara.leg.br/api/v2/orgaos/538175","CEXLULA","Comissão Externa destinada a verificar in loco as condições em que se encontra o Ex-Presidente da República Luiz Inácio Lula da Silva na superintendência da Polícia Federal em Curitiba-PR","VERIFICAR CONDIÇÕES DO EX-PRESIDENTE LULA NA PF-PR","5","Comissão Externa"
"538176","https://dadosabertos.camara.leg.br/api/v2/orgaos/538176","CEXFUND","Comissão Externa destinada a realizar o acompanhamento do procedimento de apuração, liberação e aplicação dos recursos referentes às parcelas calculadas de forma equivocada pelo Fundo de Manutenção e Desenvolvimento da Educação Básica e de Valorização dos Profissionais da Educação (FUNDEB) nos municípios brasileiros.","FUNDEB","5","Comissão Externa"
"538177","https://dadosabertos.camara.leg.br/api/v2/orgaos/538177","CEXEMBA","Comissão Externa destinada a acompanhar a implementação do embargo definitivo a ser imposto pela União Europeia à importação de carne de frango da BRF e de outras empresas, incluindo a verificação a respeito dos efeitos da medida na cadeia produtiva do frango (economia, produtores integrados, funcionários da BRF).","EMBARGO DA UNIÃO EUROPEIA À CARNE DE FRANGO DA BRF","5","Comissão Externa"
"538178","https://dadosabertos.camara.leg.br/api/v2/orgaos/538178","CEESTUDO","Institui Comissão de Estudos da Legislação Social Brasileira, responsável pela elaboração de uma proposta de consolidação do marco regulatório dos direitos sociais no Brasil e definição brasileira para a pobreza.","ESTUDO DA LEGISLAÇÃO SOCIAL BRASILEIRA","10","Grupo de Trabalho"
"538185","https://dadosabertos.camara.leg.br/api/v2/orgaos/538185","CEXHVITA","Comissão Externa destinada a fazer o acompanhamento ""in loco"" das tratativas relacionadas ao Hospital Vita, na cidade de Volta Redonda, no Estado do Rio de Janeiro","HOSPITAL VITA EM VOLTA REDONDA/RJ","5","Comissão Externa"
"538186","https://dadosabertos.camara.leg.br/api/v2/orgaos/538186","SUBIDOSO","Subcomissão Especial para reformular e atualizar o Estatuto do Idoso (Lei 10.741 de 1º de Outubro de 2003) e a Política Nacional do Idoso.","CIDOSO-SUBCOMISSÃO ESPECIAL ESTATUTO DO IDOSO","25","Subcomissão"
"538201","https://dadosabertos.camara.leg.br/api/v2/orgaos/538201","SUBCORR","Subcomissão Especial para Planejar Ações de Prevenção e Combate à Corrupção","CORRUPÇÃO","25","Subcomissão"
